"seed","PLci","percolation"
1,0.0179609086106709,57101
2,0.0311674590596936,0
3,0.0390913893291072,194
4,0.0396196513470681,720
5,0.0390913893291072,0
6,0.0401479133650291,1137
7,0.0528262017960909,1263
8,0.0528262017960909,1263
9,0.0559957739038563,1320
10,0.0390913893291072,1284
11,0.0559957739038563,1317
12,0.051769677760169,353
13,0.0396196513470681,2940
14,0.0443740095087163,381
15,0.0470153195985209,938
16,0.069202324352879,5760
17,0.0343370311674591,0
18,0.04648705758056,3050
19,0.0507131537242472,2755
20,0.045958795562599,2812
21,0.0380348652931854,1299
22,0.03486529318542,8481
23,0.0544109878499736,3312
24,0.0792393026941363,6006
25,0.0385631273111463,4012
26,0.0375066032752245,752
27,0.0449022715266772,4188
28,0.0486001056524036,2785
29,0.0359218172213418,0
30,0.0755414685684099,3736
31,0.0359218172213418,0
32,0.0158478605388273,37611
33,0.0243000528262018,139
34,0.0607501320655045,4024
35,0.0549392498679345,12023
36,0.02905441098785,0
37,0.0274696249339672,0
38,0.0306391970417327,0
39,0.0316957210776545,4950
40,0.0306391970417327,113750
41,0.057580559957739,4124
42,0.0697305863708399,669
43,0.0602218700475436,5435
44,0.0581088219756999,3636
45,0.03486529318542,3501
46,0.0787110406761754,2834
47,0.0607501320655045,8502
48,0.0665610142630745,9093
49,0.0623349181193872,3396
50,0.0660327522451136,2292
51,0.057580559957739,2032
52,0.0665610142630745,10325
53,0.0776545166402536,2134
54,0.045958795562599,4760
55,0.0454305335446381,0
56,0.0607501320655045,11784
57,0.0343370311674591,4956
58,0.0570522979397781,6460
59,0.0142630744849445,48780
60,0.0390913893291072,684
61,0.0544109878499736,5248
62,0.069202324352879,4624
63,0.0338087691494982,359
64,0.0227152667723191,0
65,0.0311674590596936,7710
66,0.0338087691494982,459
67,0.0364500792393027,6756
68,0.0322239830956154,844
69,0.0359218172213418,5480
70,0.0427892234548336,1536
71,0.0279978869519282,3192
72,0.0385631273111463,8896
73,0.0369783412572636,4645
74,0.0243000528262018,4310
75,0.0454305335446381,11016
76,0.00686740623349181,9888
77,0.04067617538299,1472
78,0.0169043845747491,0
79,0.00898045430533545,0
80,0.0443740095087163,6825
81,0.0639197041732699,1808
82,0.00898045430533545,0
83,0.04648705758056,873
84,0.0132065504490227,47168
85,0.0834653988378236,3912
86,0.0301109350237718,5320
87,0.0385631273111463,1586
88,0.0206022187004754,0
89,0.0538827258320127,4383
90,0.0401479133650291,727
91,0.0301109350237718,1226
92,0.0660327522451136,2308
93,0.0200739566825145,55062
94,0.0243000528262018,0
95,0.0412044374009509,533
96,0.0396196513470681,2612
97,0.063391442155309,642
98,0.0501848917062863,1918
99,0.0227152667723191,1026
100,0.069202324352879,5148
101,0.0301109350237718,1210
102,0.0243000528262018,0
103,0.0707871104067617,943
104,0.0274696249339672,0
105,0.0422609614368727,664
106,0.0285261489698891,270
107,0.00739566825145272,1800
108,0.0243000528262018,721
109,0.00369783412572636,0
110,0.01743264659271,34104
111,0.0501848917062863,1948
112,0.0364500792393027,4868
113,0.0528262017960909,22191
114,0.0243000528262018,3054
115,0.0607501320655045,4804
116,0.0169043845747491,76410
117,0.0533544638140518,4224
118,0.051769677760169,646
119,0.05229793977813,1338
120,0.0306391970417327,0
121,0.063391442155309,2874
122,0.0501848917062863,1566
123,0.0433174854727945,620
124,0.0332805071315372,1306
125,0.0681458003169572,5528
126,0.0227152667723191,4700
127,0.0454305335446381,524
128,0.0353935552033809,4800
129,0.03486529318542,10899
130,0.05229793977813,1616
131,0.0480718436344427,0
132,0.0586370839936609,1504
133,0.0618066561014263,15410
134,0.0338087691494982,0
135,0.0443740095087163,555
136,0.0549392498679345,3126
137,0.0544109878499736,20412
138,0.0670892762810354,2346
139,0.0486001056524036,549
140,0.0169043845747491,47415
141,0.03486529318542,704
142,0.0206022187004754,1510
143,0.0491283676703645,9168
144,0.0602218700475436,19459
145,0.0644479661912308,15552
146,0.045958795562599,1480
147,0.0417326994189118,9072
148,0.0422609614368727,1047
149,0.0211304807184363,33840
150,0.0243000528262018,0
151,0.0311674590596936,4164
152,0.0211304807184363,419
153,0.0322239830956154,1340
154,0.0792393026941363,6525
155,0.0195456946645536,0
156,0.045958795562599,1614
157,0.0248283148441627,10944
158,0.0258848388800845,11336
159,0.0316957210776545,5930
160,0.0396196513470681,1546
161,0.0396196513470681,13960
162,0.0227152667723191,0
163,0.0253565768621236,12463
164,0.0353935552033809,1162
165,0.0221870047543582,56134
166,0.0295826730058109,785
167,0.0396196513470681,5432
168,0.0184891706286318,0
169,0.0544109878499736,8820
170,0.0264131008980454,0
171,0.0248283148441627,0
172,0.0264131008980454,0
173,0.0380348652931854,93522
174,0.0332805071315372,4112
175,0.0184891706286318,1292
176,0.0195456946645536,3292
177,0.0353935552033809,0
178,0.02905441098785,3288
179,0.0454305335446381,1959
180,0.0422609614368727,4960
181,0.0221870047543582,9819
182,0.0221870047543582,3730
183,0.0369783412572636,2496
184,0.0417326994189118,0
185,0.0454305335446381,1959
186,0.0380348652931854,412
187,0.0385631273111463,3560
188,0.0433174854727945,0
189,0.045958795562599,9736
190,0.0353935552033809,0
191,0.045958795562599,3500
192,0.0338087691494982,2346
193,0.0538827258320127,620
194,0.0274696249339672,5090
195,0.0279978869519282,27264
196,0.0200739566825145,48105
197,0.0279978869519282,16160
198,0.0396196513470681,2392
199,0.0396196513470681,21240
200,0.0438457474907554,5228
201,0.0581088219756999,3813
202,0.0322239830956154,0
203,0.0216587427363973,7902
204,0.02905441098785,5288
205,0.0353935552033809,11480
206,0.0338087691494982,157686
207,0.0718436344426836,1005
208,0.0279978869519282,1408
209,0.0533544638140518,12504
210,0.051769677760169,0
211,0.0301109350237718,24696
212,0.0496566296883254,5555
213,0.0237717908082409,7590
214,0.0528262017960909,712
215,0.0332805071315372,4724
216,0.0596936080295827,18180
217,0.0496566296883254,6850
218,0.0797675647120972,6096
219,0.0316957210776545,13428
220,0.0765979926043318,10816
221,0.0364500792393027,23576
222,0.0565240359218172,8142
223,0.0533544638140518,1508
224,0.0644479661912308,912
225,0.057580559957739,15280
226,0.0655044902271527,2955
227,0.0533544638140518,11370
228,0.05229793977813,14960
229,0.057580559957739,16140
230,0.0311674590596936,11280
231,0.0264131008980454,9086
232,0.0454305335446381,6640
233,0.0316957210776545,15488
234,0.0390913893291072,16575
235,0.0359218172213418,2946
236,0.0237717908082409,4036
237,0.0375066032752245,7200
238,0.0063391442155309,6970
239,0.04648705758056,607
240,0.0206022187004754,1150
241,0.0147913365029054,311
242,0.0158478605388273,26774
243,0.0295826730058109,0
244,0.106708927628104,11725
245,0.0501848917062863,5100
246,0.0147913365029054,77385
247,0.0390913893291072,845
248,0.0623349181193872,6490
249,0.0475435816164818,6960
250,0.0295826730058109,525
251,0.0644479661912308,32538
252,0.0343370311674591,4384
253,0.0718436344426836,3903
254,0.0824088748019017,1283
255,0.0412044374009509,13932
256,0.0364500792393027,9204
257,0.0438457474907554,16720
258,0.0353935552033809,12360
259,0.0137348124669836,36982
260,0.0401479133650291,21749
261,0.0184891706286318,0
262,0.0554675118858954,20196
263,0.0137348124669836,1914
264,0.0375066032752245,148846
265,0.0771262546222927,6490
266,0.0538827258320127,9520
267,0.075013206550449,956
268,0.0142630744849445,5372
269,0.0470153195985209,0
270,0.0100369783412573,4140
271,0.0713153724247227,8502
272,0.0475435816164818,2925
273,0.0470153195985209,0
274,0.0512414157422081,9498
275,0.0787110406761754,8742
276,0.0512414157422081,1498
277,0.0301109350237718,1808
278,0.02324352879028,2811
279,0.0322239830956154,14670
280,0.0602218700475436,3738
281,0.0422609614368727,0
282,0.00686740623349181,1788
283,0.0401479133650291,202185
284,0.0855784469096672,1131
285,0.0480718436344427,11992
286,0.0607501320655045,0
287,0.0274696249339672,3702
288,0.0676175382989963,1088
289,0.0279978869519282,12800
290,0.0327522451135763,7640
291,0.0190174326465927,33099
292,0.086634970945589,3948
293,0.0602218700475436,11228
294,0.0765979926043318,2324
295,0.0496566296883254,0
296,0.04067617538299,22260
297,0.0390913893291072,3270
298,0.0718436344426836,1119
299,0.0602218700475436,3603
300,0.0655044902271527,1026
301,0.0549392498679345,1012
302,0.0227152667723191,4416
303,0.0591653460116218,0
304,0.0480718436344427,21882
305,0.0528262017960909,0
306,0.0681458003169572,8964
307,0.0200739566825145,115368
308,0.0639197041732699,2200
309,0.0480718436344427,4704
310,0.0533544638140518,12840
311,0.0121500264131009,1630
312,0.0623349181193872,18655
313,0.0475435816164818,933
314,0.0755414685684099,8106
315,0.0454305335446381,755
316,0.0470153195985209,15260
317,0.0401479133650291,0
318,0.0486001056524036,715
319,0.0063391442155309,2655
320,0.0253565768621236,5580
321,0.0153195985208664,50652
322,0.02324352879028,452
323,0.0454305335446381,2889
324,0.0449022715266772,4100
325,0.0359218172213418,632
326,0.0264131008980454,396
327,0.0744849445324881,5912
328,0.0126782884310618,36556
329,0.0221870047543582,0
330,0.0470153195985209,9438
331,0.0206022187004754,7158
332,0.0285261489698891,6370
333,0.01162176439514,13540
334,0.0153195985208664,3652
335,0.02324352879028,0
336,0.0105652403592182,15162
337,0.0158478605388273,0
338,0.01162176439514,2490
339,0.03486529318542,2109
340,0.0369783412572636,5680
341,0.0322239830956154,14840
342,0.0221870047543582,361
343,0.0369783412572636,18128
344,0.0184891706286318,62700
345,0.0359218172213418,5680
346,0.0390913893291072,0
347,0.0390913893291072,0
348,0.0311674590596936,0
349,0.0871632329635499,12696
350,0.02324352879028,14289
351,0.0100369783412573,6096
352,0.0316957210776545,6980
353,0.0200739566825145,8197
354,0.00686740623349181,1032
355,0.0264131008980454,19815
356,0.0417326994189118,6636
357,0.0343370311674591,80960
358,0.0179609086106709,12438
359,0.0433174854727945,6175
360,0.0681458003169572,15690
361,0.04648705758056,33440
362,0.0417326994189118,40436
363,0.0285261489698891,3126
364,0.0390913893291072,23309
365,0.0258848388800845,12008
366,0.075013206550449,4104
367,0.0591653460116218,6920
368,0.0190174326465927,8491
369,0.0491283676703645,12176
370,0.02905441098785,0
371,0.0132065504490227,7830
372,0.01743264659271,2594
373,0.0248283148441627,14388
374,0.0132065504490227,0
375,0.0158478605388273,467
376,0.0163761225567882,67518
377,0.0559957739038563,6805
378,0.0258848388800845,0
379,0.02324352879028,5715
380,0.0243000528262018,0
381,0.00845219228737454,2067
382,0.0480718436344427,5220
383,0.0343370311674591,1206
384,0.0607501320655045,12496
385,0.0570522979397781,1075
386,0.0491283676703645,4948
387,0.0322239830956154,95876
388,0.0369783412572636,43800
389,0.0269413629160063,27840
390,0.0596936080295827,12200
391,0.0501848917062863,2162
392,0.0618066561014263,6990
393,0.0311674590596936,105528
394,0.0496566296883254,939
395,0.0375066032752245,1994
396,0.0433174854727945,19266
397,0.02905441098785,15840
398,0.0190174326465927,12339
399,0.0412044374009509,14886
400,0.0427892234548336,5144
401,0.0327522451135763,2706
402,0.0438457474907554,20916
403,0.0258848388800845,195342
404,0.0306391970417327,20163
405,0.0581088219756999,8554
406,0.04648705758056,840
407,0.0269413629160063,13920
408,0.0211304807184363,15048
409,0.0285261489698891,9506
410,0.0702588483888009,0
411,0.0496566296883254,2925
412,0.063391442155309,9702
413,0.0570522979397781,3270
414,0.0353935552033809,37820
415,0.0549392498679345,940
416,0.04067617538299,216982
417,0.0713153724247227,2494
418,0.0549392498679345,11907
419,0.0729001584786054,6585
420,0.0264131008980454,8974
421,0.0243000528262018,14436
422,0.0628631801373481,7650
423,0.0211304807184363,12006
424,0.0227152667723191,13780
425,0.01743264659271,2294
426,0.0734284204965663,8934
427,0.0375066032752245,31752
428,0.0776545166402536,4984
429,0.0449022715266772,16470
430,0.069202324352879,20028
431,0.0771262546222927,1235
432,0.0158478605388273,3606
433,0.0480718436344427,24542
434,0.0623349181193872,4152
435,0.0433174854727945,3855
436,0.0581088219756999,13329
437,0.0243000528262018,12942
438,0.0369783412572636,17459
439,0.080824088748019,2966
440,0.0686740623349181,1208
441,0.0338087691494982,17116
442,0.0243000528262018,16010
443,0.0380348652931854,3138
444,0.0153195985208664,45514
445,0.0295826730058109,0
446,0.0237717908082409,3116
447,0.0216587427363973,776
448,0.0169043845747491,5715
449,0.0401479133650291,12933
450,0.0227152667723191,2444
451,0.0274696249339672,1638
452,0.045958795562599,18408
453,0.0169043845747491,10948
454,0.0158478605388273,97704
455,0.045958795562599,15624
456,0.0295826730058109,9233
457,0.0295826730058109,2670
458,0.0343370311674591,6402
459,0.0359218172213418,0
460,0.0385631273111463,22392
461,0.0279978869519282,1696
462,0.0412044374009509,758
463,0.0390913893291072,3297
464,0.0375066032752245,0
465,0.0338087691494982,5905
466,0.0243000528262018,115263
467,0.0322239830956154,10216
468,0.0449022715266772,3432
469,0.045958795562599,1824
470,0.0190174326465927,28832
471,0.0454305335446381,6818
472,0.0454305335446381,8911
473,0.0491283676703645,1692
474,0.0100369783412573,2174
475,0.00792393026941363,3500
476,0.0338087691494982,8559
477,0.0195456946645536,19488
478,0.0322239830956154,158796
479,0.0279978869519282,4512
480,0.0417326994189118,1800
481,0.0396196513470681,8022
482,0.0496566296883254,8519
483,0.0369783412572636,NA
484,0.04648705758056,930
485,0.00898045430533545,6228
486,0.0216587427363973,1954
487,0.0433174854727945,73066
488,0.0316957210776545,NA
489,0.0338087691494982,14625
490,0.0227152667723191,69768
491,0.0269413629160063,3980
492,0.04067617538299,27072
493,0.0269413629160063,NA
494,0.0332805071315372,1774
495,0.0274696249339672,0
496,0.0195456946645536,0
497,0.0285261489698891,2211
498,0.0385631273111463,159968
499,0.0179609086106709,15917
500,0.0433174854727945,1073
501,0.0301109350237718,22680
502,0.0258848388800845,NA
503,0.0179609086106709,NA
504,0.0385631273111463,16660
505,0.0190174326465927,11331
506,0.0364500792393027,2420
507,0.0163761225567882,8358
508,0.0401479133650291,1002
509,0.0496566296883254,0
510,0.0279978869519282,99066
511,0.0538827258320127,1161
512,0.0364500792393027,0
513,0.0422609614368727,5575
514,0.0369783412572636,782
515,0.0332805071315372,17920
516,0.0343370311674591,12296
517,0.01162176439514,29016
518,0.0216587427363973,30996
519,0.0132065504490227,808
520,0.0227152667723191,121464
521,0.0686740623349181,18568
522,0.0528262017960909,NA
523,0.0221870047543582,11979
524,0.0343370311674591,1948
525,0.0401479133650291,2889
526,0.0306391970417327,89400
527,0.0322239830956154,NA
528,0.0364500792393027,2620
529,0.0243000528262018,NA
530,0.03486529318542,0
531,0.0285261489698891,423
532,0.0369783412572636,2967
533,0.0480718436344427,3880
534,0.0132065504490227,NA
535,0.0190174326465927,NA
536,0.0306391970417327,NA
537,0.0316957210776545,7491
538,0.0158478605388273,NA
539,0.04648705758056,NA
540,0.0327522451135763,117288
541,0.0306391970417327,0
542,0.0306391970417327,13131
543,0.0121500264131009,1312
544,0.0126782884310618,NA
545,0.045958795562599,1854
546,0.0353935552033809,0
547,0.0353935552033809,0
548,0.0279978869519282,12940
549,0.0190174326465927,30901
550,0.0237717908082409,0
551,0.0338087691494982,NA
552,0.0285261489698891,0
553,0.0248283148441627,NA
554,0.0264131008980454,0
555,0.0184891706286318,18896
556,0.0427892234548336,7024
557,0.0184891706286318,13900
558,0.00898045430533545,0
559,0.0269413629160063,64476
560,0.0332805071315372,15440
561,0.045958795562599,NA
562,0.0364500792393027,7716
563,0.0211304807184363,10563
564,0.0311674590596936,2180
565,0.0369783412572636,6762
566,0.0216587427363973,3690
567,0.0285261489698891,2765
568,0.0147913365029054,16623
569,0.0285261489698891,5040
570,0.0163761225567882,33726
571,0.0216587427363973,3384
572,0.0264131008980454,3261
573,0.0480718436344427,NA
574,0.0216587427363973,0
575,0.0243000528262018,21147
576,0.0206022187004754,NA
577,0.0195456946645536,26540
578,0.0206022187004754,0
579,0.01743264659271,4068
580,0.0243000528262018,5115
581,0.0190174326465927,0
582,0.0184891706286318,29580
583,0.0237717908082409,5160
584,0.0258848388800845,69880
585,0.0063391442155309,NA
586,0.0279978869519282,NA
587,0.01162176439514,3220
588,0.0528262017960909,936
589,0.0221870047543582,398
590,0.0216587427363973,0
591,0.0274696249339672,543
592,0.0243000528262018,2253
593,0.0269413629160063,1112
594,0.01743264659271,65104
595,0.0443740095087163,0
596,0.01743264659271,0
597,0.0412044374009509,30328
598,0.0279978869519282,20220
599,0.0184891706286318,NA
600,0.0258848388800845,101816
601,0.0427892234548336,2000
602,0.0369783412572636,664
603,0.0475435816164818,824
604,0.0338087691494982,594
605,0.0184891706286318,5796
606,0.0343370311674591,1366
607,0.0137348124669836,5530
608,0.0190174326465927,2757
609,0.051769677760169,8393
610,0.0126782884310618,66623
611,0.0200739566825145,20033
612,0.02324352879028,476
613,0.0126782884310618,19613
614,0.0206022187004754,1254
615,0.0153195985208664,1650
616,0.02905441098785,1218
617,0.0295826730058109,90630
618,0.0206022187004754,NA
619,0.0269413629160063,0
620,0.0332805071315372,4732
621,0.0311674590596936,NA
622,0.0559957739038563,1090
623,0.02905441098785,NA
624,0.0279978869519282,4240
625,0.0332805071315372,32750
626,0.01743264659271,764
627,0.0206022187004754,960
628,0.0396196513470681,6534
629,0.0285261489698891,2154
630,0.0274696249339672,561
631,0.0237717908082409,0
632,0.0269413629160063,175176
633,0.0316957210776545,6150
634,0.0258848388800845,6942
635,0.0470153195985209,NA
636,0.0227152667723191,7878
637,0.0396196513470681,2020
638,0.0422609614368727,5125
639,0.0449022715266772,22624
640,0.02905441098785,9856
641,0.0443740095087163,864
642,0.0396196513470681,8460
643,0.0496566296883254,2820
644,0.0401479133650291,36225
645,0.0227152667723191,11604
646,0.00581088219756999,4024
647,0.00792393026941363,27830
648,0.0110935023771791,0
649,0.0190174326465927,27630
650,0.0269413629160063,1500
651,0.0306391970417327,706
652,0.0190174326465927,82845
653,0.0369783412572636,NA
654,0.0100369783412573,1500
655,0.0316957210776545,814
656,0.0258848388800845,4248
657,0.0338087691494982,720
658,0.0227152667723191,0
659,0.0206022187004754,12096
660,0.0279978869519282,79272
661,0.0258848388800845,22932
662,0.0332805071315372,8766
663,0.0253565768621236,837
664,0.0258848388800845,NA
665,0.0190174326465927,80009
666,0.0253565768621236,595
667,0.0163761225567882,10512
668,0.0380348652931854,NA
669,0.0142630744849445,34350
670,0.0385631273111463,16702
671,0.0380348652931854,45600
672,0.0248283148441627,NA
673,0.0327522451135763,2376
674,0.0258848388800845,12024
675,0.0153195985208664,2412
676,0.02905441098785,4504
677,0.0264131008980454,23835
678,0.0253565768621236,715
679,0.0390913893291072,9999
680,0.0184891706286318,4546
681,0.0248283148441627,21200
682,0.0417326994189118,8264
683,0.0158478605388273,1806
684,0.0110935023771791,2428
685,0.0221870047543582,7300
686,0.0137348124669836,2845
687,0.0285261489698891,NA
688,0.0322239830956154,NA
689,0.0184891706286318,51264
690,0.0195456946645536,688
691,0.0486001056524036,3516
692,0.0126782884310618,NA
693,0.02905441098785,1384
694,0.00475435816164818,664
695,0.0147913365029054,NA
696,0.0306391970417327,30717
697,0.0269413629160063,NA
698,0.0147913365029054,NA
699,0.0169043845747491,404
700,0.0147913365029054,3575
701,0.0100369783412573,0
702,0.00739566825145272,25092
703,0.0195456946645536,0
704,0.0190174326465927,2322
705,0.0195456946645536,0
706,0.0100369783412573,0
707,0.0227152667723191,990
708,0.0179609086106709,34560
709,0.0216587427363973,1676
710,0.0110935023771791,1544
711,0.0190174326465927,2160
712,0.0221870047543582,2448
713,0.0390913893291072,1689
714,0.0211304807184363,230
715,0.0200739566825145,239
716,0.0163761225567882,0
717,0.0184891706286318,5562
718,0.0121500264131009,69714
719,0.0396196513470681,1546
720,0.0390913893291072,912
721,0.0105652403592182,6615
722,0.05229793977813,8268
723,0.0221870047543582,1151
724,0.0126782884310618,8255
725,0.0253565768621236,1563
726,0.00316957210776545,1695
727,0.0179609086106709,0
728,0.0216587427363973,676
729,0.0163761225567882,4142
730,0.0559957739038563,0
731,0.0142630744849445,34770
732,0.0301109350237718,0
733,0.01743264659271,5796
734,0.00950871632329636,1008
735,0.00792393026941363,3030
736,0.01162176439514,374
737,0.0279978869519282,40420
738,0.0142630744849445,3540
739,0.045958795562599,269640
740,0.0253565768621236,7050
741,0.0718436344426836,9443
742,0.0676175382989963,5945
743,0.0676175382989963,0
744,0.0612783940834654,3276
745,0.0274696249339672,3468
746,0.0195456946645536,4732
747,0.01743264659271,7932
748,0.0919175911251981,10416
749,0.0248283148441627,7608
750,0.0623349181193872,1062
751,0.0258848388800845,88530
752,0.0375066032752245,NA
753,0.0422609614368727,0
754,0.0269413629160063,NA
755,0.0390913893291072,464
756,0.0449022715266772,NA
757,0.0132065504490227,NA
758,0.0369783412572636,3186
759,0.0258848388800845,NA
760,0.0253565768621236,NA
761,0.0401479133650291,4365
762,0.03486529318542,NA
763,0.0433174854727945,NA
764,0.0338087691494982,429
765,0.0295826730058109,0
766,0.0110935023771791,31700
767,0.0316957210776545,2736
768,0.0158478605388273,0
769,0.02905441098785,3208
770,0.0126782884310618,782
771,0.0121500264131009,16548
772,0.0285261489698891,2740
773,0.0121500264131009,46018
774,0.02324352879028,0
775,0.0158478605388273,NA
776,0.0169043845747491,27729
777,0.0227152667723191,4488
778,0.00950871632329636,2385
779,0.0105652403592182,26181
780,0.02324352879028,699
781,0.0137348124669836,329
782,0.0158478605388273,NA
783,0.0417326994189118,136960
784,0.0227152667723191,2012
785,0.0190174326465927,NA
786,0.0375066032752245,1958
787,0.0612783940834654,0
788,0.0169043845747491,3072
789,0.0369783412572636,662
790,0.0237717908082409,36060
791,0.0221870047543582,463
792,0.0110935023771791,8634
793,0.00845219228737454,128
794,0.00739566825145272,127
795,0.0179609086106709,3738
796,0.0316957210776545,80157
797,0.02905441098785,0
798,0.0121500264131009,7736
799,0.0375066032752245,43248
800,0.0121500264131009,1242
801,0.0253565768621236,NA
802,0.0237717908082409,NA
803,0.0126782884310618,1557
804,0.0211304807184363,10240
805,0.0184891706286318,0
806,0.0375066032752245,NA
807,0.0221870047543582,33948
808,0.0200739566825145,NA
809,0.0554675118858954,4756
810,0.0179609086106709,9097
811,0.0110935023771791,0
812,0.0279978869519282,24840
813,0.0306391970417327,9252
814,0.0137348124669836,2660
815,0.0184891706286318,95854
816,0.00898045430533545,3336
817,0.0105652403592182,3564
818,0.0195456946645536,21688
819,0.0306391970417327,NA
820,0.0137348124669836,2485
821,0.0184891706286318,67914
822,0.00950871632329636,NA
823,0.0121500264131009,NA
824,0.0258848388800845,4104
825,0.0253565768621236,NA
826,0.0375066032752245,NA
827,0.0132065504490227,22120
828,0.0121500264131009,21990
829,0.0269413629160063,112658
830,0.0449022715266772,8388
831,0.0100369783412573,NA
832,0.0301109350237718,4448
833,0.0258848388800845,1636
834,0.0200739566825145,NA
835,0.0359218172213418,137402
836,0.0332805071315372,1590
837,0.0147913365029054,16478
838,0.0179609086106709,NA
839,0.04648705758056,926
840,0.0327522451135763,0
841,0.0449022715266772,NA
842,0.0132065504490227,23120
843,0.0211304807184363,314
844,0.0126782884310618,0
845,0.0105652403592182,1476
846,0.0364500792393027,121440
847,0.01162176439514,1171
848,0.0137348124669836,1118
849,0.0279978869519282,111804
850,0.0390913893291072,2424
851,0.0169043845747491,2484
852,0.0359218172213418,4085
853,0.0301109350237718,0
854,0.0316957210776545,11285
855,0.0295826730058109,2778
856,0.0179609086106709,73100
857,0.0316957210776545,NA
858,0.0301109350237718,83908
859,0.0475435816164818,20010
860,0.0332805071315372,NA
861,0.0327522451135763,674
862,0.0396196513470681,0
863,0.0412044374009509,11957
864,0.0221870047543582,NA
865,0.0311674590596936,NA
866,0.0153195985208664,9516
867,0.00950871632329636,96
868,0.00950871632329636,96
869,0.0285261489698891,420
870,0.0279978869519282,50176
871,0.0264131008980454,557
872,0.0301109350237718,3404
873,0.02905441098785,56336
874,0.0316957210776545,2935
875,0.0295826730058109,38049
876,0.0295826730058109,0
877,0.0264131008980454,542
878,0.0380348652931854,16665
879,0.02324352879028,22383
880,0.02905441098785,29568
881,0.0649762282091918,0
882,0.0248283148441627,37282
883,0.0200739566825145,0
884,0.0211304807184363,3295
885,0.00898045430533545,3020
886,0.0153195985208664,20830
887,0.0227152667723191,5790
888,0.01743264659271,1992
889,0.0274696249339672,3095
890,0.00898045430533545,1506
891,0.0206022187004754,2244
892,0.0269413629160063,3920
893,0.0295826730058109,0
894,0.02905441098785,41772
895,0.0343370311674591,11812
896,0.02324352879028,16745
897,0.00950871632329636,1851
898,0.0184891706286318,21190
899,0.0169043845747491,5660
900,0.0142630744849445,0
901,0.0110935023771791,NA
902,0.0153195985208664,1016
903,0.00581088219756999,NA
904,0.0184891706286318,NA
905,0.0264131008980454,746
906,0.0327522451135763,NA
907,0.0100369783412573,260
908,0.0301109350237718,NA
909,0.00264131008980454,0
910,0.0153195985208664,0
911,0.0274696249339672,5322
912,0.0163761225567882,21472
913,0.0227152667723191,9460
914,0.0190174326465927,0
915,0.0190174326465927,10095
916,0.0200739566825145,13139
917,0.0216587427363973,10516
918,0.0264131008980454,1711
919,0.01743264659271,9136
920,0.00264131008980454,0
921,0.0243000528262018,886
922,0.0105652403592182,819
923,0.0306391970417327,28197
924,0.0142630744849445,NA
925,0.0295826730058109,2062
926,0.00369783412572636,0
927,0.0105652403592182,874
928,0.0179609086106709,6357
929,0.0285261489698891,34551
930,0.0264131008980454,NA
931,0.0169043845747491,0
932,0.0253565768621236,83789
933,0.0285261489698891,392
934,0.0353935552033809,6480
935,0.0285261489698891,424
936,0.0301109350237718,20352
937,0.0248283148441627,60448
938,0.0221870047543582,5215
939,0.0269413629160063,19824
940,0.0279978869519282,0
941,0.0142630744849445,8420
942,0.01162176439514,31416
943,0.0179609086106709,6246
944,0.0216587427363973,1808
945,0.0126782884310618,293
946,0.0184891706286318,1808
947,0.0311674590596936,20096
948,0.0121500264131009,792
949,0.00898045430533545,600
950,0.00686740623349181,2326
951,0.0179609086106709,4857
952,0.03486529318542,25587
953,0.0221870047543582,NA
954,0.0169043845747491,455
955,0.0211304807184363,50303
956,0.0179609086106709,46904
957,0.0401479133650291,850
958,0.0169043845747491,9265
959,0.00898045430533545,570
960,0.0359218172213418,129983
961,0.0380348652931854,0
962,0.0269413629160063,13248
963,0.0105652403592182,2748
964,0.0243000528262018,13783
965,0.0364500792393027,0
966,0.0295826730058109,60942
967,0.0396196513470681,4398
968,0.0316957210776545,34645
969,0.0169043845747491,3310
970,0.0206022187004754,0
971,0.0132065504490227,6492
972,0.0206022187004754,67302
973,0.0248283148441627,1278
974,0.0311674590596936,8368
975,0.0322239830956154,50554
976,0.0258848388800845,22456
977,0.0158478605388273,33849
978,0.0211304807184363,0
979,0.0385631273111463,118244
980,0.0338087691494982,2532
981,0.0507131537242472,0
982,0.0274696249339672,65940
983,0.0190174326465927,3460
984,0.0258848388800845,38772
985,0.0258848388800845,18688
986,0.0206022187004754,23072
987,0.0243000528262018,5379
988,0.0253565768621236,50739
989,0.0179609086106709,22392
990,0.0243000528262018,32850
991,0.0132065504490227,888
992,0.02324352879028,529
993,0.0184891706286318,2608
994,0.0137348124669836,29546
995,0.01743264659271,942
996,0.0147913365029054,201
997,0.0353935552033809,32720
998,0.0332805071315372,30282
999,0.0380348652931854,25278
1000,0.0206022187004754,910
1001,0.0332805071315372,16974
1002,0.0375066032752245,34460
1003,0.0301109350237718,0
1004,0.0147913365029054,35850
1005,0.0258848388800845,0
1006,0.0179609086106709,373
1007,0.02324352879028,1457
1008,0.0105652403592182,1071
1009,0.0216587427363973,9048
1010,0.0153195985208664,3364
1011,0.01743264659271,0
1012,0.0237717908082409,0
1013,0.0147913365029054,3828
1014,0.00686740623349181,0
1015,0.0163761225567882,8140
1016,0.00950871632329636,1770
1017,0.0105652403592182,0
1018,0.0353935552033809,0
1019,0.0316957210776545,26033
1020,0.0285261489698891,0
1021,0.0195456946645536,18540
1022,0.0200739566825145,NA
1023,0.0359218172213418,0
1024,0.0137348124669836,21469
1025,0.0126782884310618,5327
1026,0.0126782884310618,12590
1027,0.0137348124669836,1974
1028,0.0258848388800845,122096
1029,0.0359218172213418,NA
1030,0.03486529318542,2616
1031,0.0338087691494982,872
1032,0.0422609614368727,0
1033,0.0369783412572636,764
1034,0.03486529318542,NA
1035,0.0126782884310618,765
1036,0.01743264659271,NA
1037,0.0126782884310618,23733
1038,0.0163761225567882,NA
1039,0.0285261489698891,80902
1040,0.01743264659271,3432
1041,0.0206022187004754,0
1042,0.0285261489698891,4290
1043,0.0105652403592182,NA
1044,0.01162176439514,16434
1045,0.0126782884310618,183
1046,0.0206022187004754,NA
1047,0.02324352879028,23427
1048,0.01162176439514,1230
1049,0.0200739566825145,13888
1050,0.0221870047543582,561
1051,0.0343370311674591,58562
1052,0.0264131008980454,3294
1053,0.0237717908082409,3594
1054,0.00264131008980454,0
1055,0.0285261489698891,47463
1056,0.0269413629160063,1498
1057,0.0443740095087163,0
1058,0.0227152667723191,1310
1059,0.0221870047543582,7668
1060,0.0195456946645536,0
1061,0.0195456946645536,11888
1062,0.0253565768621236,7224
1063,0.0190174326465927,24138
1064,0.0206022187004754,NA
1065,0.0142630744849445,NA
1066,0.0179609086106709,0
1067,0.0295826730058109,14940
1068,0.0216587427363973,17706
1069,0.0137348124669836,420
1070,0.0147913365029054,5070
1071,0.0253565768621236,23387
1072,0.0153195985208664,35460
1073,0.0206022187004754,6024
1074,0.0169043845747491,409
1075,0.0142630744849445,2716
1076,0.0221870047543582,452
1077,0.00792393026941363,26980
1078,0.0179609086106709,NA
1079,0.0179609086106709,396
1080,0.0179609086106709,NA
1081,0.0258848388800845,25000
1082,0.0137348124669836,0
1083,0.0105652403592182,2016
1084,0.0163761225567882,0
1085,0.0216587427363973,19104
1086,0.00845219228737454,6895
1087,0.0153195985208664,0
1088,0.0147913365029054,1700
1089,0.0158478605388273,1243
1090,0.0316957210776545,6795
1091,0.0121500264131009,4240
1092,0.0137348124669836,NA
1093,0.0169043845747491,NA
1094,0.0142630744849445,NA
1095,0.00950871632329636,3948
1096,0.00422609614368727,49
1097,0.0169043845747491,967
1098,0.0105652403592182,18180
1099,0.0063391442155309,552
1100,0.0132065504490227,0
1101,0.0390913893291072,57120
1102,0.0237717908082409,2958
1103,0.02905441098785,9504
1104,0.00845219228737454,162
1105,0.0105652403592182,191
1106,0.00739566825145272,32857
1107,0.0121500264131009,0
1108,0.0153195985208664,0
1109,0.0153195985208664,0
1110,0.0200739566825145,45942
1111,0.0169043845747491,5978
1112,0.0237717908082409,NA
1113,0.01743264659271,NA
1114,0.0295826730058109,5832
1115,0.00845219228737454,0
1116,0.0311674590596936,25670
1117,0.0396196513470681,0
1118,0.01743264659271,17970
1119,0.0195456946645536,902
1120,0.0295826730058109,34859
1121,0.0137348124669836,0
1122,0.0274696249339672,NA
1123,0.00792393026941363,1192
1124,0.0200739566825145,0
1125,0.0279978869519282,11088
1126,0.0227152667723191,NA
1127,0.01743264659271,NA
1128,0.0100369783412573,NA
1129,0.0126782884310618,NA
1130,0.0264131008980454,16065
1131,0.00898045430533545,NA
1132,0.01743264659271,9580
1133,0.0301109350237718,0
1134,0.0200739566825145,8165
1135,0.0253565768621236,1986
1136,0.0332805071315372,31200
1137,0.0195456946645536,3780
1138,0.0665610142630745,0
1139,0.0110935023771791,26772
1140,0.0147913365029054,0
1141,0.0295826730058109,1482
1142,0.0110935023771791,NA
1143,0.0179609086106709,0
1144,0.0179609086106709,282
1145,0.0195456946645536,464
1146,0.0206022187004754,820
1147,0.0285261489698891,6870
1148,0.0110935023771791,17400
1149,0.0100369783412573,328
1150,0.0306391970417327,11685
1151,0.0147913365029054,1132
1152,0.0158478605388273,678
1153,0.00950871632329636,382
1154,0.00792393026941363,1680
1155,0.01743264659271,3236
1156,0.00845219228737454,1068
1157,0.0311674590596936,7444
1158,0.0063391442155309,178
1159,0.0359218172213418,NA
1160,0.0385631273111463,109928
1161,0.0353935552033809,6712
1162,0.0285261489698891,7533
1163,0.0285261489698891,7506
1164,0.0147913365029054,9207
1165,0.0179609086106709,14065
1166,0.0147913365029054,3855
1167,0.0449022715266772,0
1168,0.02905441098785,62280
1169,0.0327522451135763,1992
1170,0.0163761225567882,6760
1171,0.0269413629160063,NA
1172,0.0316957210776545,NA
1173,0.0285261489698891,NA
1174,0.0306391970417327,NA
1175,0.0227152667723191,NA
1176,0.0311674590596936,5456
1177,0.0105652403592182,886
1178,0.00158478605388273,0
1179,0.0137348124669836,18564
1180,0.00739566825145272,4630
1181,0.0200739566825145,377
1182,0.00950871632329636,244
1183,0.00686740623349181,NA
1184,0.0121500264131009,1472
1185,0.00898045430533545,0
1186,0.0195456946645536,40418
1187,0.0147913365029054,1240
1188,0.00739566825145272,1650
1189,0.0126782884310618,1385
1190,0.00422609614368727,171
1191,0.0063391442155309,4545
1192,0.00739566825145272,10542
1193,0.0126782884310618,NA
1194,0.0137348124669836,2046
1195,0.0221870047543582,0
1196,0.0105652403592182,NA
1197,0.0427892234548336,6504
1198,0.0190174326465927,37154
1199,0.0142630744849445,0
1200,0.0158478605388273,0
1201,0.0190174326465927,NA
1202,0.0221870047543582,14840
1203,0.0126782884310618,2085
1204,0.02905441098785,18366
1205,0.0163761225567882,61392
1206,0.0570522979397781,0
1207,0.0311674590596936,NA
1208,0.0190174326465927,4275
1209,0.00898045430533545,0
1210,0.00581088219756999,952
1211,0.0110935023771791,4756
1212,0.0184891706286318,22670
1213,0.01743264659271,0
1214,0.01743264659271,28200
1215,0.0332805071315372,0
1216,0.0100369783412573,750
1217,0.0121500264131009,3436
1218,0.0147913365029054,917
1219,0.00792393026941363,1062
1220,0.0121500264131009,0
1221,0.0253565768621236,16282
1222,0.0100369783412573,0
1223,0.0269413629160063,45720
1224,0.0359218172213418,12170
1225,0.0200739566825145,430
1226,0.0311674590596936,34910
1227,0.0301109350237718,49338
1228,0.0301109350237718,NA
1229,0.0311674590596936,125720
1230,0.0412044374009509,909
1231,0.0385631273111463,NA
1232,0.0301109350237718,28750
1233,0.00739566825145272,NA
1234,0.0169043845747491,NA
1235,0.02324352879028,395
1236,0.01743264659271,9132
1237,0.00528262017960909,160
1238,0.00581088219756999,1004
1239,0.00950871632329636,17759
1240,0.01162176439514,244
1241,0.0306391970417327,14635
1242,0.0412044374009509,51285
1243,0.0253565768621236,518
1244,0.0179609086106709,1980
1245,0.0301109350237718,1232
1246,0.0559957739038563,0
1247,0.0248283148441627,NA
1248,0.02324352879028,NA
1249,0.0063391442155309,17479
1250,0.0237717908082409,0
1251,0.00686740623349181,NA
1252,0.0285261489698891,91450
1253,0.0153195985208664,1964
1254,0.0364500792393027,1050
1255,0.02905441098785,962
1256,0.00475435816164818,0
1257,0.0258848388800845,3542
1258,0.0380348652931854,26505
1259,0.02905441098785,0
1260,0.02324352879028,0
1261,0.0248283148441627,7976
1262,0.0190174326465927,15752
1263,0.0216587427363973,780
1264,0.0110935023771791,192
1265,0.0169043845747491,774
1266,0.0184891706286318,632
1267,0.0248283148441627,592
1268,0.0200739566825145,NA
1269,0.0216587427363973,1876
1270,0.0195456946645536,2528
1271,0.0121500264131009,2266
1272,0.0184891706286318,0
1273,0.00211304807184363,3012
1274,0.00845219228737454,0
1275,0.00845219228737454,0
1276,0.0237717908082409,20856
1277,0.0147913365029054,22660
1278,0.0110935023771791,904
1279,0.0200739566825145,214
1280,0.0132065504490227,1304
1281,0.00686740623349181,3376
1282,0.0364500792393027,17424
1283,0.0126782884310618,2210
1284,0.0253565768621236,40261
1285,0.0190174326465927,0
1286,0.0279978869519282,79420
1287,0.0301109350237718,0
1288,0.00950871632329636,NA
1289,0.0243000528262018,3525
1290,0.0237717908082409,0
1291,0.0380348652931854,76383
1292,0.00792393026941363,1050
1293,0.0306391970417327,461
1294,0.01743264659271,5420
1295,0.0121500264131009,29150
1296,0.0163761225567882,1428
1297,0.0184891706286318,1862
1298,0.0211304807184363,1232
1299,0.0132065504490227,2594
1300,0.00581088219756999,5176
1301,0.00950871632329636,NA
1302,0.0200739566825145,624
1303,0.01162176439514,0
1304,0.0137348124669836,3570
1305,0.0274696249339672,45255
1306,0.0433174854727945,0
1307,0.0147913365029054,1587
1308,0.0227152667723191,0
1309,0.0269413629160063,20736
1310,0.0184891706286318,2320
1311,0.0126782884310618,2739
1312,0.0163761225567882,2924
1313,0.0369783412572636,8268
1314,0.02324352879028,1128
1315,0.0285261489698891,0
1316,0.0132065504490227,61240
1317,0.0253565768621236,NA
1318,0.0269413629160063,NA
1319,0.0253565768621236,NA
1320,0.0264131008980454,0
1321,0.0248283148441627,0
1322,0.0211304807184363,9090
1323,0.00581088219756999,0
1324,0.0279978869519282,0
1325,0.0264131008980454,53115
1326,0.0190174326465927,NA
1327,0.00581088219756999,876
1328,0.0142630744849445,1478
1329,0.0169043845747491,7140
1330,0.0100369783412573,NA
1331,0.0195456946645536,34874
1332,0.0153195985208664,22940
1333,0.0269413629160063,0
1334,0.02905441098785,7008
1335,0.0221870047543582,35022
1336,0.0184891706286318,9786
1337,0.0269413629160063,3058
1338,0.0179609086106709,794
1339,0.0206022187004754,14304
1340,0.0322239830956154,57460
1341,0.0227152667723191,672
1342,0.0274696249339672,9405
1343,0.00898045430533545,8232
1344,0.0063391442155309,537
1345,0.0163761225567882,2808
1346,0.00950871632329636,NA
1347,0.0153195985208664,NA
1348,0.0163761225567882,NA
1349,0.0153195985208664,NA
1350,0.00581088219756999,2912
1351,0.00845219228737454,3235
1352,0.00950871632329636,NA
1353,0.0258848388800845,46520
1354,0.0100369783412573,NA
1355,0.0121500264131009,528
1356,0.0132065504490227,4184
1357,0.0105652403592182,1995
1358,0.00950871632329636,2118
1359,0.00950871632329636,578
1360,0.00950871632329636,6692
1361,0.0063391442155309,NA
1362,0.0184891706286318,4040
1363,0.00686740623349181,NA
1364,0.0063391442155309,NA
1365,0.0427892234548336,10100
1366,0.0200739566825145,5994
1367,0.00211304807184363,NA
1368,0.0343370311674591,0
1369,0.00792393026941363,986
1370,0.00845219228737454,10514
1371,0.0285261489698891,0
1372,0.0142630744849445,NA
1373,0.01743264659271,10182
1374,0.0264131008980454,17208
1375,0.0206022187004754,21070
1376,0.0285261489698891,388
1377,0.0184891706286318,2168
1378,0.0221870047543582,11802
1379,0.0227152667723191,NA
1380,0.0190174326465927,706
1381,0.0163761225567882,22490
1382,0.0274696249339672,1070
1383,0.0200739566825145,4077
1384,0.0137348124669836,4235
1385,0.01162176439514,NA
1386,0.0121500264131009,NA
1387,0.0137348124669836,7275
1388,0.0184891706286318,2764
1389,0.00739566825145272,0
1390,0.0147913365029054,7865
1391,0.0200739566825145,NA
1392,0.0190174326465927,621
1393,0.0285261489698891,0
1394,0.0142630744849445,4544
1395,0.0147913365029054,15521
1396,0.0216587427363973,0
1397,0.0179609086106709,216
1398,0.0248283148441627,0
1399,0.0264131008980454,36868
1400,0.0163761225567882,NA
1401,0.0237717908082409,NA
1402,0.0153195985208664,3692
1403,0.0158478605388273,2076
1404,0.00686740623349181,428
1405,0.00950871632329636,5572
1406,0.01162176439514,NA
1407,0.0100369783412573,NA
1408,0.0285261489698891,3663
1409,0.0221870047543582,56012
1410,0.02324352879028,0
1411,0.0390913893291072,0
1412,0.0243000528262018,4362
1413,0.00739566825145272,574
1414,0.00158478605388273,0
1415,0.0147913365029054,1096
1416,0.0179609086106709,5435
1417,0.0311674590596936,14784
1418,0.0200739566825145,9835
1419,0.0258848388800845,7364
1420,0.01743264659271,10016
1421,0.0169043845747491,NA
1422,0.00581088219756999,0
1423,0.00739566825145272,647
1424,0.0200739566825145,10206
1425,0.0274696249339672,NA
1426,0.0195456946645536,26306
1427,0.0063391442155309,2015
1428,0.0253565768621236,NA
1429,0.0227152667723191,NA
1430,0.0364500792393027,2992
1431,0.0126782884310618,33195
1432,0.0496566296883254,0
1433,0.0100369783412573,496
1434,0.0179609086106709,260
1435,0.0243000528262018,4131
1436,0.0110935023771791,864
1437,0.02324352879028,1492
1438,0.00845219228737454,8610
1439,0.00950871632329636,0
1440,0.0126782884310618,271
1441,0.0147913365029054,2877
1442,0.0190174326465927,NA
1443,0.00950871632329636,NA
1444,0.00264131008980454,NA
1445,0.0137348124669836,35679
1446,0.0301109350237718,NA
1447,0.0544109878499736,NA
1448,0.0369783412572636,NA
1449,0.0264131008980454,NA
1450,0.0274696249339672,NA
1451,0.0264131008980454,NA
1452,0.0132065504490227,NA
1453,0.0264131008980454,NA
1454,0.0206022187004754,0
1455,0.00422609614368727,687
1456,0.01162176439514,NA
1457,0.00845219228737454,4655
1458,0.0110935023771791,0
1459,0.0179609086106709,1254
1460,0.00475435816164818,8796
1461,0.0163761225567882,0
1462,0.00845219228737454,110
1463,0.0227152667723191,27980
1464,0.01743264659271,25880
1465,0.02324352879028,406
1466,0.0332805071315372,0
1467,0.0195456946645536,4836
1468,0.0190174326465927,7010
1469,0.0132065504490227,NA
1470,0.00739566825145272,0
1471,0.0237717908082409,7542
1472,0.00950871632329636,NA
1473,0.0206022187004754,4148
1474,0.0132065504490227,3198
1475,0.0110935023771791,NA
1476,0.0359218172213418,0
1477,0.0153195985208664,10620
1478,0.0121500264131009,NA
1479,0.0132065504490227,4734
1480,0.0179609086106709,18558
1481,0.0126782884310618,NA
1482,0.0147913365029054,NA
1483,0.01743264659271,736
1484,0.0332805071315372,30816
1485,0.0243000528262018,NA
1486,0.00739566825145272,NA
1487,0.0195456946645536,NA
1488,0.0100369783412573,NA
1489,0.0253565768621236,9737
1490,0.0100369783412573,1122
1491,0.0153195985208664,8696
1492,0.0142630744849445,3140
1493,0.0364500792393027,NA
1494,0.00845219228737454,NA
1495,0.0163761225567882,5064
1496,0.00739566825145272,99
1497,0.0322239830956154,0
1498,0.0137348124669836,5345
1499,0.0105652403592182,3472
1500,0.00845219228737454,84
1501,0.0100369783412573,0
1502,0.01162176439514,517
1503,0.0100369783412573,2280
1504,0.00528262017960909,39
1505,0.00686740623349181,NA
1506,0.00422609614368727,24
1507,0.01162176439514,11732
1508,0.0264131008980454,7745
1509,0.0269413629160063,2886
1510,0.01162176439514,16137
1511,0.0147913365029054,NA
1512,0.0301109350237718,2254
1513,0.0063391442155309,197
1514,0.0147913365029054,12131
1515,0.0163761225567882,4372
1516,0.00792393026941363,878
1517,0.0163761225567882,12910
1518,0.01162176439514,160
1519,0.0279978869519282,3700
1520,0.000528262017960909,0
1521,0.000528262017960909,0
1522,0.00158478605388273,0
1523,0.0206022187004754,9714
1524,0.0332805071315372,8480
1525,0.01162176439514,0
1526,0.00950871632329636,4355
1527,0.00950871632329636,261
1528,0.0322239830956154,0
1529,0.0100369783412573,1952
1530,0.00950871632329636,153
1531,0.0195456946645536,1770
1532,0.0105652403592182,379
1533,0.0158478605388273,0
1534,0.0269413629160063,0
1535,0.0169043845747491,7750
1536,0.0264131008980454,0
1537,0.0190174326465927,525
1538,0.000528262017960909,0
1539,0.000528262017960909,0
1540,0.00528262017960909,78
1541,0.00792393026941363,0
1542,0.0190174326465927,523
1543,0.0264131008980454,9072
1544,0.0206022187004754,9756
1545,0.0126782884310618,4086
1546,0.0132065504490227,1198
1547,0.00581088219756999,100
1548,0.0264131008980454,13664
1549,0.0142630744849445,0
1550,0.0121500264131009,0
1551,0.0258848388800845,20568
1552,0.00475435816164818,4868
1553,0.0105652403592182,153
1554,0.00950871632329636,155
1555,0.0306391970417327,12339
1556,0.0137348124669836,843
1557,0.0274696249339672,10234
1558,0.0105652403592182,NA
1559,0.04067617538299,0
1560,0.02905441098785,2168
1561,0.00845219228737454,354
1562,0.0137348124669836,0
1563,0.000528262017960909,0
1564,0.000528262017960909,0
1565,0.0105652403592182,1440
1566,0.0063391442155309,27
1567,0.00528262017960909,75
1568,0.0396196513470681,17070
1569,0.0221870047543582,32188
1570,0.0132065504490227,804
1571,0.00950871632329636,469
1572,0.00898045430533545,4300
1573,0.0105652403592182,0
1574,0.0243000528262018,7315
1575,0.0105652403592182,2409
1576,0.00528262017960909,286
1577,0.0216587427363973,25144
1578,0.0100369783412573,NA
1579,0.0169043845747491,NA
1580,0.0221870047543582,NA
1581,0.0179609086106709,NA
1582,0.0295826730058109,NA
1583,0.0163761225567882,0
1584,0.00264131008980454,0
1585,0.0216587427363973,0
1586,0.0195456946645536,1274
1587,0.0169043845747491,NA
1588,0.00845219228737454,335
1589,0.00211304807184363,9
1590,0.00316957210776545,0
1591,0.0211304807184363,17693
1592,0.0158478605388273,142
1593,0.0512414157422081,0
1594,0.02324352879028,11715
1595,0.0301109350237718,6804
1596,0.0137348124669836,6580
1597,0.00581088219756999,0
1598,0.00316957210776545,2172
1599,0.00528262017960909,57
1600,0.01162176439514,0
1601,0.0163761225567882,3664
1602,0.0401479133650291,0
1603,0.0179609086106709,531
1604,0.0385631273111463,0
1605,0.0211304807184363,15400
1606,0.0279978869519282,0
1607,0.0184891706286318,1202
1608,0.0206022187004754,1990
1609,0.00158478605388273,0
1610,0.00739566825145272,180
1611,0.00845219228737454,1908
1612,0.00950871632329636,0
1613,0.04067617538299,0
1614,0.0322239830956154,0
1615,0.00792393026941363,454
1616,0.00898045430533545,0
1617,0.00898045430533545,2352
1618,0.00898045430533545,NA
1619,0.00528262017960909,NA
1620,0.0105652403592182,375
1621,0.00422609614368727,NA
1622,0.00845219228737454,NA
1623,0.0126782884310618,NA
1624,0.0126782884310618,NA
1625,0.00792393026941363,NA
1626,0.00950871632329636,144
1627,0.0137348124669836,0
1628,0.00739566825145272,270
1629,0.000528262017960909,0
1630,0.000528262017960909,0
1631,0.00581088219756999,0
1632,0.00739566825145272,178
1633,0.00581088219756999,0
1634,0.0628631801373481,0
1635,0.00264131008980454,0
1636,0.0063391442155309,218
1637,0.00898045430533545,0
1638,0.0221870047543582,780
1639,0.01743264659271,1240
1640,0.00739566825145272,358
1641,0.0200739566825145,0
1642,0.0105652403592182,2559
1643,0.0105652403592182,0
1644,0.092445853143159,0
1645,0.0100369783412573,1120
1646,0.0147913365029054,529
1647,0.0258848388800845,1880
1648,0.0322239830956154,1860
1649,0.00158478605388273,0
1650,0.00105652403592182,0
1651,0.00686740623349181,0
1652,0.0132065504490227,3120
1653,0.0169043845747491,375
1654,0.0110935023771791,1516
1655,0.00686740623349181,360
1656,0.00264131008980454,NA
1657,0.0063391442155309,NA
1658,0.00528262017960909,NA
1659,0.0338087691494982,0
1660,0.0137348124669836,4560
1661,0.0100369783412573,NA
1662,0.0507131537242472,0
1663,0.0110935023771791,1252
1664,0.00316957210776545,20
1665,0.000528262017960909,0
1666,0.000528262017960909,0
1667,0.00369783412572636,0
1668,0.0137348124669836,268
1669,0.00792393026941363,696
1670,0.00264131008980454,0
1671,0.0132065504490227,678
1672,0.000528262017960909,0
1673,0.000528262017960909,0
1674,0.00792393026941363,8784
1675,0.0121500264131009,0
1676,0.0200739566825145,0
1677,0.0100369783412573,750
1678,0.0121500264131009,0
1679,0.00158478605388273,0
1680,0.000528262017960909,0
1681,0.000528262017960909,0
1682,0.0179609086106709,325
1683,0.0221870047543582,861
1684,0.00369783412572636,788
1685,0.00845219228737454,630
1686,0.00422609614368727,26
1687,0.0237717908082409,0
1688,0.00845219228737454,186
1689,0.0126782884310618,0
1690,0.0100369783412573,0
1691,0.0327522451135763,0
1692,0.0105652403592182,163
1693,0.00475435816164818,NA
1694,0.00792393026941363,1680
1695,0.0105652403592182,NA
1696,0.00845219228737454,1116
1697,0.0184891706286318,1892
1698,0.0105652403592182,1311
1699,0.00898045430533545,586
1700,0.00950871632329636,0
1701,0.00316957210776545,19
1702,0.00158478605388273,0
1703,0.00475435816164818,0
1704,0.00369783412572636,0
1705,0.0105652403592182,0
1706,0.0311674590596936,0
1707,0.0169043845747491,3357
1708,0.01162176439514,30
1709,0.0248283148441627,4080
1710,0.0158478605388273,5131
1711,0.0147913365029054,1116
1712,0.01743264659271,0
1713,0.0248283148441627,NA
1714,0.00792393026941363,298
1715,0.00581088219756999,0
1716,0.0422609614368727,0
1717,0.00264131008980454,0
1718,0.00369783412572636,0
1719,0.0105652403592182,909
1720,0.0153195985208664,2172
1721,0.0126782884310618,864
1722,0.0137348124669836,307
1723,0.0063391442155309,161
1724,0.00898045430533545,0
1725,0.00264131008980454,0
1726,0.00369783412572636,0
1727,0.0327522451135763,4925
1728,0.00528262017960909,1764
1729,0.0221870047543582,NA
1730,0.00528262017960909,209
1731,0.00792393026941363,0
1732,0.00950871632329636,1224
1733,0.0100369783412573,0
1734,0.0137348124669836,0
1735,0.000528262017960909,0
1736,0.000528262017960909,0
1737,0.0126782884310618,225
1738,0.00475435816164818,570
1739,0.00950871632329636,173
1740,0.00158478605388273,0
1741,0.0206022187004754,0
1742,0.0184891706286318,0
1743,0.04067617538299,0
1744,0.0126782884310618,1938
1745,0.0211304807184363,0
1746,0.0338087691494982,0
1747,0.0110935023771791,2828
1748,0.0137348124669836,804
1749,0.0132065504490227,400
1750,0.00950871632329636,NA
1751,0.0221870047543582,0
1752,0.00739566825145272,32
1753,0.00158478605388273,0
1754,0.000528262017960909,0
1755,0.000528262017960909,0
1756,0.0063391442155309,0
1757,0.0137348124669836,645
1758,0.01162176439514,256
1759,0.00845219228737454,238
1760,0.00581088219756999,0
1761,0.00845219228737454,0
1762,0.0132065504490227,394
1763,0.00369783412572636,0
1764,0.00792393026941363,404
1765,0.00686740623349181,0
1766,0.00686740623349181,0
1767,0.0105652403592182,1095
1768,0.0132065504490227,0
1769,0.0179609086106709,0
1770,0.0279978869519282,0
1771,0.0147913365029054,395
1772,0.000528262017960909,0
1773,0.000528262017960909,0
1774,0.00581088219756999,1652
1775,0.00475435816164818,0
1776,0.00475435816164818,0
1777,0.00475435816164818,0
1778,0.0063391442155309,206
1779,0.0100369783412573,0
1780,0.0105652403592182,414
1781,0.0132065504490227,246
1782,0.01162176439514,447
1783,0.0100369783412573,0
1784,0.0353935552033809,0
1785,0.0142630744849445,1128
1786,0.0105652403592182,NA
1787,0.00316957210776545,0
1788,0.00211304807184363,6
1789,0.0100369783412573,168
1790,0.00898045430533545,94
1791,0.0105652403592182,122
1792,0.0121500264131009,714
1793,0.00898045430533545,0
1794,0.00739566825145272,390
1795,0.01162176439514,NA
1796,0.000528262017960909,0
1797,0.000528262017960909,0
1798,0.0063391442155309,0
1799,0.000528262017960909,0
1800,0.000528262017960909,0
1801,0.0132065504490227,530
1802,0.0126782884310618,266
1803,0.0565240359218172,0
1804,0.0132065504490227,712
1805,0.00316957210776545,60
1806,0.00158478605388273,0
1807,0.0126782884310618,329
1808,0.00792393026941363,NA
1809,0.0169043845747491,NA
1810,0.00845219228737454,234
1811,0.000528262017960909,0
1812,0.000528262017960909,0
1813,0.0105652403592182,0
1814,0.00581088219756999,0
1815,0.00845219228737454,101
1816,0.00950871632329636,303
1817,0.00898045430533545,688
1818,0.00739566825145272,91
1819,0.0110935023771791,400
1820,0.00475435816164818,62
1821,0.000528262017960909,0
1822,0.000528262017960909,0
1823,0.0105652403592182,NA
1824,0.00158478605388273,0
1825,0.0359218172213418,0
1826,0.00845219228737454,0
1827,0.0158478605388273,0
1828,0.00369783412572636,0
1829,0.000528262017960909,0
1830,0.000528262017960909,0
1831,0.00316957210776545,88
1832,0.00475435816164818,0
1833,0.00845219228737454,50
1834,0.00528262017960909,44
1835,0.00528262017960909,242
1836,0.0147913365029054,0
1837,0.0153195985208664,0
1838,0.0206022187004754,0
1839,0.01743264659271,0
1840,0.0142630744849445,564
1841,0.00369783412572636,396
1842,0.000528262017960909,0
1843,0.000528262017960909,0
1844,0.00422609614368727,NA
1845,0.0105652403592182,NA
1846,0.00158478605388273,0
1847,0.00105652403592182,0
1848,0.00528262017960909,0
1849,0.00950871632329636,101
1850,0.00158478605388273,NA
1851,0.00422609614368727,0
1852,0.02324352879028,0
1853,0.00898045430533545,0
1854,0.00898045430533545,0
1855,0.00792393026941363,0
1856,0.0126782884310618,741
1857,0.00158478605388273,0
1858,0.000528262017960909,0
1859,0.000528262017960909,0
1860,0.00211304807184363,3
1861,0.00158478605388273,0
1862,0.0126782884310618,264
1863,0.0105652403592182,222
1864,0.000528262017960909,0
1865,0.000528262017960909,0
1866,0.0063391442155309,78
1867,0.00369783412572636,0
1868,0.000528262017960909,0
1869,0.000528262017960909,0
1870,0.00422609614368727,0
1871,0.0100369783412573,0
1872,0.01162176439514,80
1873,0.0105652403592182,372
1874,0.0105652403592182,100
1875,0.0126782884310618,0
1876,0.0105652403592182,0
1877,0.000528262017960909,0
1878,0.000528262017960909,0
1879,0.0110935023771791,0
1880,0.0105652403592182,222
1881,0.0100369783412573,156
1882,0.00792393026941363,0
1883,0.000528262017960909,0
1884,0.000528262017960909,0
1885,0.00792393026941363,0
1886,0.00422609614368727,21
1887,0.00158478605388273,NA
1888,0.000528262017960909,0
1889,0.000528262017960909,0
1890,0.00792393026941363,0
1891,0.000528262017960909,0
1892,0.000528262017960909,0
1893,0.00898045430533545,0
