network,betweeness,closeness,degree,plci,percolation,proximity,MEB
arenas_email,"[1808, 1768, 1736, 1694, 1655, 1614, 1569, 1538, 1484, 1443, 1398, 1346, 1300, 1257, 1207, 1164, 1121, 1065, 1018, 969, 934, 901, 830, 799, 757, 673, 614, 586, 533, 391, 191, 117, 106, 83, 48, 40, 35, 27, 27, 25, 17, 16, 16, 16, 16, 16, 16, 16, 16, 16]","[1813, 1785, 1761, 1738, 1714, 1690, 1664, 1633, 1610, 1582, 1557, 1519, 1491, 1459, 1434, 1413, 1384, 1354, 1327, 1295, 1272, 1237, 1205, 1173, 1150, 1114, 1071, 1043, 994, 968, 937, 915, 883, 823, 807, 780, 737, 724, 706, 662, 640, 621, 592, 564, 546, 534, 451, 432, 408, 336]","[1792, 1750, 1697, 1654, 1611, 1560, 1527, 1500, 1458, 1417, 1363, 1315, 1283, 1228, 1176, 1131, 1075, 1008, 976, 950, 893, 813, 781, 748, 673, 624, 599, 505, 486, 434, 230, 175, 175, 160, 140, 61, 38, 30, 30, 30, 30, 27, 25, 18, 18, 18, 15, 14, 14, 10]","[1823, 1805, 1787, 1769, 1751, 1733, 1714, 1696, 1677, 1655, 1636, 1616, 1596, 1575, 1557, 1537, 1519, 1500, 1481, 1462, 1444, 1424, 1402, 1386, 1366, 1344, 1324, 1305, 1282, 1264, 1245, 1227, 1208, 1186, 1164, 1145, 1125, 1101, 1077, 1058, 1040, 1015, 988, 965, 931, 913, 895, 870, 847, 825]","[1786, 1716, 1686, 1666, 1643, 1621, 1602, 1578, 1556, 1533, 1518, 1501, 1485, 1471, 1455, 1439, 1420, 1404, 1392, 1379, 1368, 1356, 1354, 1354, 1354, 1341, 1313, 1288, 1266, 1243, 1224, 1216, 1190, 1167, 1156, 1129, 1102, 1067, 1042, 1003, 978, 971, 936, 902, 889, 864, 836, 788, 781, 760]","[1821, 1803, 1785, 1768, 1749, 1730, 1711, 1695, 1676, 1655, 1638, 1621, 1602, 1584, 1561, 1543, 1528, 1508, 1486, 1465, 1444, 1424, 1402, 1383, 1365, 1347, 1325, 1305, 1287, 1262, 1242, 1221, 1197, 1179, 1158, 1125, 1093, 1072, 1045, 1027, 1001, 971, 951, 924, 900, 865, 837, 810, 783, 758]","[0.9619651347068146, 0.9529846804014791, 0.9418911780243, 0.9323824617010037, 0.9223454833597464, 0.9128367670364501, 0.901743264659271, 0.8927628103539356, 0.8832540940306391, 0.8753301637612255, 0.8652931854199684, 0.8557844690966719, 0.8468040147913365, 0.8362387744321184, 0.8277865821447438, 0.8182778658214475, 0.8119387216059165, 0.8066561014263075, 0.8003169572107766, 0.7971473851030111, 0.7950343370311674, 0.7908082408874801, 0.780771262546223, 0.7712625462229266, 0.7612255678816693, 0.7501320655044902, 0.7411516111991547, 0.7316428948758584, 0.7210776545166403, 0.7120972002113048, 0.7020602218700476, 0.6904384574749075, 0.6798732171156894, 0.6708927628103539, 0.6608557844690967, 0.6508188061278394, 0.6413100898045431, 0.6291600633914421, 0.6191230850501849, 0.6111991547807712, 0.6006339144215531, 0.589012150026413, 0.5800316957210776, 0.5705229793977813, 0.5594294770206022, 0.5462229265715794, 0.5382989963021658, 0.5293185419968305, 0.5213946117274167, 0.5113576333861596]"
bn_cat_mixed_species_brain_1,"[129, 128, 127, 125, 124, 123, 122, 121, 120, 119, 118, 117, 116, 115, 114, 113, 112, 111, 110, 109, 108, 107, 106, 105, 103, 102, 101, 100, 99, 98, 97, 96, 95, 94, 93, 92, 91, 90, 89, 87, 86, 84, 83, 82, 80, 79, 78, 77, 76, 74]","[129, 128, 127, 126, 125, 124, 123, 122, 121, 120, 119, 118, 116, 115, 114, 113, 112, 111, 110, 109, 108, 107, 106, 105, 104, 103, 102, 101, 100, 99, 98, 97, 96, 95, 94, 93, 92, 91, 90, 89, 88, 87, 84, 83, 82, 81, 79, 78, 77, 76]","[129, 128, 127, 126, 125, 124, 123, 122, 121, 120, 119, 118, 117, 116, 114, 113, 112, 111, 110, 109, 108, 107, 106, 105, 104, 103, 102, 101, 100, 99, 98, 97, 96, 95, 94, 93, 92, 91, 90, 88, 87, 86, 85, 84, 83, 81, 80, 78, 77, 40]","[129, 128, 127, 126, 125, 124, 123, 122, 121, 120, 119, 118, 117, 116, 115, 114, 113, 112, 111, 110, 109, 108, 107, 106, 105, 104, 103, 102, 101, 100, 99, 98, 97, 96, 95, 94, 93, 92, 91, 90, 89, 88, 87, 86, 85, 84, 83, 82, 81, 80]","[129, 128, 127, 126, 125, 124, 123, 122, 121, 120, 119, 118, 117, 116, 115, 114, 113, 112, 111, 110, 109, 108, 107, 106, 105, 104, 102, 101, 100, 99, 98, 97, 96, 95, 94, 93, 92, 91, 90, 89, 88, 87, 86, 85, 84, 83, 82, 81, 80, 78]","[129, 128, 127, 126, 125, 124, 123, 122, 121, 120, 119, 118, 117, 116, 115, 114, 113, 112, 111, 110, 109, 108, 107, 106, 105, 104, 103, 102, 101, 100, 99, 98, 97, 96, 95, 94, 93, 92, 91, 90, 89, 88, 87, 86, 85, 84, 83, 82, 81, 80]","[0.9923076923076923, 0.9846153846153847, 0.9769230769230769, 0.9692307692307692, 0.9615384615384616, 0.9538461538461539, 0.9461538461538461, 0.9384615384615385, 0.9307692307692308, 0.9230769230769231, 0.9153846153846154, 0.9076923076923077, 0.9, 0.8923076923076924, 0.8846153846153846, 0.8769230769230769, 0.8692307692307693, 0.8615384615384616, 0.8538461538461538, 0.8461538461538461, 0.8384615384615385, 0.8307692307692308, 0.823076923076923, 0.8153846153846154, 0.8076923076923077, 0.8, 0.7923076923076923, 0.7846153846153846, 0.7769230769230769, 0.7692307692307693, 0.7615384615384615, 0.7538461538461538, 0.7461538461538462, 0.7384615384615385, 0.7307692307692307, 0.7230769230769231, 0.7153846153846154, 0.7076923076923077, 0.7, 0.6923076923076923, 0.6846153846153846, 0.676923076923077, 0.6692307692307692, 0.6615384615384615, 0.6538461538461539, 0.6461538461538462, 0.6384615384615384, 0.6307692307692307, 0.6230769230769231, 0.6153846153846154]"
bn_macaque_rhesus_brain_2,"[100, 96, 94, 92, 88, 82, 68, 48, 43, 36, 1, 1, 1, 1, 1, 1, 1, 1, 1, 1, 1, 1, 1, 1, 1, 1, 1, 1, 1, 1, 1, 1, 1, 1, 1, 1, 1, 1, 1, 1, 1, 1, 1, 1, 1, 1, 1, 1, 1, 1]","[100, 96, 94, 92, 88, 82, 70, 48, 47, 46, 45, 44, 43, 42, 41, 40, 39, 38, 37, 36, 35, 34, 33, 32, 31, 30, 29, 28, 27, 26, 25, 24, 23, 22, 21, 20, 19, 18, 17, 16, 15, 15, 15, 15, 14, 13, 13, 12, 11, 10]","[100, 96, 94, 92, 88, 82, 70, 48, 41, 35, 1, 1, 1, 1, 1, 1, 1, 1, 1, 1, 1, 1, 1, 1, 1, 1, 1, 1, 1, 1, 1, 1, 1, 1, 1, 1, 1, 1, 1, 1, 1, 1, 1, 1, 1, 1, 1, 1, 1, 1]","[101, 100, 99, 98, 97, 96, 95, 94, 93, 92, 91, 90, 89, 88, 87, 86, 85, 84, 83, 82, 81, 80, 79, 78, 77, 76, 75, 74, 73, 72, 71, 70, 69, 68, 67, 66, 65, 64, 63, 62, 61, 60, 59, 58, 57, 56, 55, 54, 53, 52]","[101, 100, 99, 98, 96, 93, 92, 90, 88, 81, 1, 1, 1, 1, 1, 1, 1, 1, 1, 1, 1, 1, 1, 1, 1, 1, 1, 1, 1, 1, 1, 1, 1, 1, 1, 1, 1, 1, 1, 1, 1, 1, 1, 1, 1, 1, 1, 1, 1, 1]","[101, 100, 99, 98, 97, 96, 95, 94, 93, 92, 91, 90, 89, 88, 87, 86, 85, 84, 83, 82, 81, 80, 79, 78, 77, 76, 75, 74, 73, 72, 71, 70, 69, 68, 67, 66, 65, 64, 63, 62, 61, 60, 59, 58, 57, 56, 55, 54, 53, 52]","[0.9901960784313726, 0.9803921568627451, 0.9705882352941176, 0.9607843137254902, 0.9509803921568627, 0.9411764705882353, 0.9313725490196079, 0.9215686274509803, 0.9117647058823529, 0.9019607843137255, 0.8921568627450981, 0.8823529411764706, 0.8725490196078431, 0.8627450980392157, 0.8529411764705882, 0.8431372549019608, 0.8333333333333334, 0.8235294117647058, 0.8137254901960784, 0.803921568627451, 0.7941176470588235, 0.7843137254901961, 0.7745098039215687, 0.7647058823529411, 0.7549019607843137, 0.7450980392156863, 0.7352941176470589, 0.7254901960784313, 0.7156862745098039, 0.7058823529411765, 0.696078431372549, 0.6862745098039216, 0.6764705882352942, 0.6666666666666666, 0.6568627450980392, 0.6470588235294118, 0.6372549019607843, 0.6274509803921569, 0.6176470588235294, 0.6078431372549019, 0.5980392156862745, 0.5882352941176471, 0.5784313725490197, 0.5686274509803921, 0.5588235294117647, 0.5490196078431373, 0.5392156862745098, 0.5294117647058824, 0.5196078431372549, 0.5098039215686274]"
circuits_s208,"[121, 120, 119, 118, 117, 116, 115, 114, 108, 101, 99, 98, 97, 96, 95, 94, 66, 66, 56, 56, 40, 34, 30, 30, 21, 21, 21, 14, 14, 13, 13, 13, 13, 13, 13, 13, 13, 13, 13, 13, 12, 12, 12, 11, 11, 11, 11, 11, 11, 11]","[121, 120, 114, 113, 112, 105, 104, 103, 103, 102, 101, 100, 99, 83, 83, 44, 43, 41, 41, 41, 40, 40, 40, 40, 40, 40, 40, 40, 39, 37, 37, 37, 37, 37, 36, 36, 36, 36, 36, 36, 35, 35, 33, 32, 31, 31, 29, 27, 23, 23]","[121, 120, 119, 113, 112, 111, 104, 98, 97, 74, 74, 74, 74, 60, 60, 60, 60, 59, 58, 58, 56, 54, 54, 54, 54, 54, 54, 31, 16, 16, 9, 9, 9, 9, 9, 9, 9, 9, 9, 9, 9, 9, 9, 9, 8, 8, 8, 8, 8, 8]","[121, 120, 119, 118, 117, 116, 115, 111, 110, 109, 108, 107, 106, 104, 103, 102, 74, 74, 73, 73, 72, 66, 65, 65, 50, 50, 50, 50, 49, 47, 47, 47, 47, 38, 38, 38, 38, 38, 38, 38, 38, 38, 38, 38, 20, 20, 20, 20, 19, 19]","[121, 115, 114, 113, 106, 105, 104, 89, 88, 88, 87, 87, 86, 80, 79, 77, 77, 76, 75, 74, 53, 43, 43, 41, 41, 41, 41, 41, 41, 41, 41, 41, 41, 41, 39, 38, 36, 36, 34, 34, 20, 20, 20, 20, 20, 20, 20, 20, 20, 20]","[121, 120, 119, 118, 117, 116, 115, 114, 113, 112, 111, 110, 109, 108, 107, 106, 105, 104, 103, 102, 101, 100, 99, 98, 97, 96, 95, 94, 93, 92, 91, 90, 89, 88, 87, 86, 85, 84, 83, 82, 81, 80, 79, 78, 77, 76, 75, 74, 73, 72]","[0.9918032786885246, 0.9836065573770492, 0.9754098360655737, 0.9672131147540983, 0.9590163934426229, 0.9508196721311475, 0.9426229508196722, 0.9344262295081968, 0.9262295081967213, 0.9016393442622951, 0.8688524590163934, 0.8442622950819673, 0.8442622950819673, 0.8360655737704918, 0.8278688524590164, 0.8032786885245902, 0.7950819672131147, 0.7868852459016393, 0.7786885245901639, 0.7704918032786885, 0.7622950819672131, 0.7540983606557377, 0.7459016393442623, 0.7377049180327869, 0.7295081967213115, 0.7131147540983607, 0.7131147540983607, 0.7131147540983607, 0.7049180327868853, 0.6967213114754098, 0.6885245901639344, 0.6885245901639344, 0.680327868852459, 0.680327868852459, 0.6721311475409836, 0.6639344262295082, 0.6557377049180327, 0.6475409836065574, 0.639344262295082, 0.6311475409836066, 0.5819672131147541, 0.5655737704918032, 0.5573770491803278, 0.5491803278688525, 0.5327868852459017, 0.5245901639344263, 0.5163934426229508, 0.5163934426229508, 0.4918032786885246, 0.4918032786885246]"
circuits_s420,"[250, 248, 246, 244, 242, 240, 238, 236, 233, 231, 229, 222, 215, 207, 205, 177, 171, 141, 107, 88, 66, 59, 59, 34, 34, 34, 30, 30, 30, 30, 30, 30, 21, 21, 18, 13, 13, 13, 13, 13, 13, 13, 13, 13, 13, 13, 13, 13, 13, 13]","[250, 248, 246, 244, 237, 235, 233, 231, 229, 227, 220, 218, 216, 213, 211, 189, 187, 182, 175, 175, 174, 104, 71, 70, 70, 70, 70, 70, 69, 69, 69, 69, 69, 69, 69, 69, 69, 69, 69, 69, 68, 68, 67, 67, 61, 59, 59, 58, 58, 56]","[250, 243, 241, 239, 232, 225, 201, 176, 168, 160, 136, 136, 136, 136, 136, 122, 122, 122, 122, 121, 119, 118, 118, 114, 110, 110, 110, 110, 110, 87, 34, 16, 16, 10, 10, 10, 10, 10, 10, 10, 10, 10, 10, 10, 10, 10, 10, 9, 9, 9]","[250, 248, 246, 244, 242, 240, 238, 236, 234, 232, 230, 228, 226, 224, 222, 214, 211, 209, 206, 197, 196, 194, 177, 159, 158, 132, 131, 127, 120, 119, 96, 96, 96, 96, 96, 96, 96, 96, 96, 96, 96, 96, 96, 96, 96, 96, 86, 86, 86, 86]","[250, 248, 246, 234, 226, 219, 195, 193, 186, 183, 182, 150, 148, 147, 147, 146, 146, 145, 144, 135, 130, 130, 129, 128, 122, 111, 109, 99, 99, 97, 96, 95, 94, 90, 89, 89, 89, 88, 88, 88, 85, 85, 85, 71, 69, 53, 53, 53, 50, 47]","[250, 248, 246, 244, 242, 240, 238, 236, 234, 232, 230, 228, 226, 224, 222, 220, 218, 216, 214, 212, 210, 208, 206, 204, 202, 200, 198, 196, 194, 192, 190, 188, 186, 184, 182, 180, 178, 176, 174, 172, 170, 168, 166, 164, 162, 160, 158, 156, 154, 152]","[0.9920634920634921, 0.9841269841269841, 0.9761904761904762, 0.9682539682539683, 0.9603174603174603, 0.9523809523809523, 0.9444444444444444, 0.9365079365079365, 0.9285714285714286, 0.9206349206349206, 0.8968253968253969, 0.8888888888888888, 0.8809523809523809, 0.873015873015873, 0.8650793650793651, 0.8571428571428571, 0.8412698412698413, 0.8333333333333334, 0.8174603174603174, 0.7936507936507936, 0.7857142857142857, 0.7698412698412699, 0.753968253968254, 0.7420634920634921, 0.7341269841269841, 0.7222222222222222, 0.7142857142857143, 0.7142857142857143, 0.7023809523809523, 0.7023809523809523, 0.6984126984126984, 0.6865079365079365, 0.6785714285714286, 0.6706349206349206, 0.6666666666666666, 0.6626984126984127, 0.6507936507936508, 0.6428571428571429, 0.6150793650793651, 0.6071428571428571, 0.5952380952380952, 0.5873015873015873, 0.5793650793650794, 0.5714285714285714, 0.5476190476190477, 0.5396825396825397, 0.5158730158730159, 0.5079365079365079, 0.5079365079365079, 0.503968253968254]"
circuits_s838,"[507, 502, 497, 492, 482, 471, 461, 450, 446, 436, 426, 421, 311, 258, 255, 171, 170, 112, 110, 103, 103, 103, 99, 99, 98, 46, 45, 40, 31, 29, 24, 23, 20, 20, 13, 13, 13, 13, 13, 13, 13, 13, 13, 13, 13, 13, 13, 13, 12, 12]","[507, 502, 497, 492, 486, 481, 476, 471, 466, 461, 453, 443, 433, 428, 423, 381, 339, 335, 332, 330, 327, 321, 313, 310, 301, 275, 273, 239, 237, 236, 234, 230, 229, 217, 216, 210, 208, 201, 137, 133, 108, 108, 108, 106, 105, 103, 103, 102, 97, 93]","[502, 497, 492, 472, 452, 425, 374, 300, 283, 260, 260, 260, 260, 246, 246, 246, 244, 239, 238, 234, 224, 222, 222, 222, 173, 38, 16, 11, 11, 11, 11, 11, 11, 11, 11, 11, 11, 11, 11, 11, 11, 11, 11, 11, 11, 11, 11, 11, 11, 11]","[507, 502, 497, 492, 483, 478, 473, 468, 463, 458, 453, 404, 393, 354, 344, 341, 339, 334, 330, 328, 308, 305, 304, 297, 256, 252, 250, 247, 241, 241, 235, 231, 229, 229, 226, 226, 194, 192, 188, 176, 175, 175, 174, 173, 171, 170, 163, 163, 162, 162]","[502, 497, 492, 466, 446, 436, 415, 399, 362, 353, 328, 319, 309, 289, 272, 262, 246, 242, 238, 234, 229, 224, 223, 222, 218, 208, 203, 195, 183, 181, 152, 152, 152, 145, 132, 131, 130, 125, 124, 124, 109, 107, 93, 93, 93, 91, 91, 85, 85, 83]","[507, 502, 497, 492, 487, 482, 477, 472, 467, 462, 457, 452, 447, 442, 437, 432, 427, 422, 417, 412, 407, 402, 397, 392, 387, 382, 377, 372, 367, 362, 357, 352, 347, 342, 337, 332, 327, 322, 317, 312, 307, 302, 297, 292, 287, 282, 277, 272, 267, 262]","[0.990234375, 0.98046875, 0.970703125, 0.9609375, 0.951171875, 0.94140625, 0.931640625, 0.921875, 0.904296875, 0.89453125, 0.884765625, 0.8671875, 0.853515625, 0.8359375, 0.814453125, 0.8046875, 0.791015625, 0.765625, 0.75, 0.740234375, 0.72265625, 0.7109375, 0.6953125, 0.689453125, 0.681640625, 0.671875, 0.66015625, 0.650390625, 0.6328125, 0.623046875, 0.615234375, 0.6015625, 0.5859375, 0.580078125, 0.56640625, 0.560546875, 0.552734375, 0.544921875, 0.533203125, 0.525390625, 0.5078125, 0.490234375, 0.486328125, 0.48046875, 0.427734375, 0.40625, 0.380859375, 0.240234375, 0.240234375, 0.240234375]"
dolphins,"[62, 62, 62, 62, 62, 62, 62, 62, 62, 62, 62, 62, 62, 62, 62, 62, 62, 62, 62, 62, 62, 62, 62, 62, 62, 62, 62, 62, 62, 62, 62, 62, 62, 62, 62, 62, 62, 62, 62, 62, 62, 62, 62, 62, 62, 62, 62, 62, 62, 62]","[62, 62, 62, 62, 62, 62, 62, 62, 62, 62, 62, 62, 62, 62, 62, 62, 62, 62, 62, 62, 62, 62, 62, 62, 62, 62, 62, 62, 62, 62, 62, 62, 62, 62, 62, 62, 62, 62, 62, 62, 62, 62, 62, 62, 62, 62, 62, 62, 62, 62]","[62, 62, 62, 62, 62, 62, 62, 62, 62, 62, 62, 62, 62, 62, 62, 62, 62, 62, 62, 62, 62, 62, 62, 62, 62, 62, 62, 62, 62, 62, 62, 62, 62, 62, 62, 62, 62, 62, 62, 62, 62, 62, 62, 62, 62, 62, 62, 62, 62, 62]","[62, 62, 62, 62, 62, 62, 62, 62, 62, 62, 62, 62, 62, 62, 62, 62, 62, 62, 62, 62, 62, 62, 62, 62, 62, 62, 62, 62, 62, 62, 62, 62, 62, 62, 62, 62, 62, 62, 62, 62, 62, 62, 62, 62, 62, 62, 62, 62, 62, 62]","[62, 62, 62, 62, 62, 62, 62, 62, 62, 62, 62, 62, 62, 62, 62, 62, 62, 62, 62, 62, 62, 62, 62, 62, 62, 62, 62, 62, 62, 62, 62, 62, 62, 62, 62, 62, 62, 62, 62, 62, 62, 62, 62, 62, 62, 62, 62, 62, 62, 62]","[62, 62, 62, 62, 62, 62, 62, 62, 62, 62, 62, 62, 62, 62, 62, 62, 62, 62, 62, 62, 62, 62, 62, 62, 62, 62, 62, 62, 62, 62, 62, 62, 62, 62, 62, 62, 62, 62, 62, 62, 62, 62, 62, 62, 62, 62, 62, 62, 62, 62]","[1.0, 1.0, 1.0, 1.0, 1.0, 1.0, 1.0, 1.0, 1.0, 1.0, 1.0, 1.0, 1.0, 1.0, 1.0, 1.0, 1.0, 1.0, 1.0, 1.0, 1.0, 1.0, 1.0, 1.0, 1.0, 1.0, 1.0, 1.0, 1.0, 1.0, 1.0, 1.0, 1.0, 1.0, 1.0, 1.0, 1.0, 1.0, 1.0, 1.0, 1.0, 1.0, 1.0, 1.0, 1.0, 1.0, 1.0, 1.0, 1.0, 1.0]"
e_coli,"[783, 396, 123, 123, 119, 112, 77, 77, 77, 32, 32, 32, 32, 32, 32, 32, 32, 17, 17, 16, 16, 16, 16, 16, 16, 16, 16, 16, 16, 16, 16, 16, 16, 13, 13, 13, 13, 13, 13, 13, 13, 13, 13, 13, 13, 11, 11, 11, 11, 11]","[1395, 1314, 1220, 1163, 1070, 1055, 1046, 1029, 1014, 1014, 1011, 995, 883, 828, 824, 818, 766, 756, 704, 663, 646, 637, 636, 635, 635, 635, 635, 635, 635, 635, 487, 445, 233, 151, 118, 117, 117, 117, 117, 57, 57, 57, 57, 57, 57, 57, 57, 57, 57, 57]","[736, 156, 48, 17, 16, 11, 11, 11, 11, 11, 11, 11, 11, 11, 11, 6, 6, 6, 5, 5, 5, 5, 5, 5, 5, 5, 5, 5, 5, 5, 5, 5, 5, 5, 5, 5, 5, 5, 5, 5, 5, 5, 5, 4, 4, 4, 4, 4, 4, 4]","[1574, 1558, 1542, 1526, 1510, 1494, 1478, 1454, 1438, 1418, 1402, 1386, 1368, 1352, 1332, 1316, 1297, 1278, 1260, 1243, 1227, 1211, 1195, 1176, 1161, 1145, 1129, 1113, 1097, 1081, 1058, 1042, 1022, 1006, 990, 974, 958, 942, 926, 909, 893, 875, 858, 838, 806, 791, 775, 755, 731, 709]","[1531, 1529, 1529, 1515, 1487, 1471, 1455, 1440, 1423, 1409, 1395, 1379, 1363, 1349, 1324, 1313, 1297, 1288, 1273, 1264, 1247, 1210, 1200, 1195, 1074, 1057, 1045, 1036, 1017, 1000, 998, 987, 975, 964, 949, 940, 925, 910, 892, 880, 868, 852, 838, 823, 809, 790, 789, 779, 767, 765]","[1565, 1563, 1563, 1547, 1519, 1503, 1487, 1472, 1455, 1442, 1427, 1411, 1395, 1381, 1356, 1345, 1334, 1320, 1309, 1298, 1281, 1244, 1233, 1227, 1111, 1094, 1082, 1073, 1054, 1037, 1034, 1024, 1011, 1000, 985, 977, 961, 946, 928, 917, 904, 888, 874, 860, 843, 833, 823, 813, 810, 798]","[0.9258387286639199, 0.9087698646262508, 0.9046497939964685, 0.8922895821071218, 0.8834608593290171, 0.8746321365509123, 0.861094761624485, 0.8534432018834609, 0.8469688051795173, 0.8375515008828722, 0.8275456150676869, 0.8116539140670983, 0.807533843437316, 0.7781047675103002, 0.7781047675103002, 0.7751618599175986, 0.7633902295467923, 0.757504414361389, 0.7498528546203649, 0.7404355503237199, 0.7357268981753973, 0.723955267804591, 0.7174808711006474, 0.6980576809888169, 0.6974690994702767, 0.6868746321365509, 0.6786344908769865, 0.6621542083578575, 0.6545026486168334, 0.6439081812831077, 0.6415538552089465, 0.6350794585050029, 0.6291936433195998, 0.6180105944673338, 0.609181871689229, 0.6015303119482048, 0.5979988228369629, 0.5915244261330195, 0.5821071218363744, 0.5726898175397293, 0.5632725132430841, 0.5538552089464391, 0.544437904649794, 0.5350206003531489, 0.5256032960565038, 0.5161859917598587, 0.5067686874632137, 0.4973513831665686, 0.48793407886992346, 0.4791053560918187]"
facebook_0,"[309, 281, 222, 221, 221, 218, 214, 213, 210, 207, 202, 201, 196, 193, 189, 185, 185, 183, 179, 173, 170, 164, 161, 158, 157, 154, 152, 150, 150, 149, 146, 140, 135, 132, 116, 112, 110, 105, 105, 102, 99, 99, 97, 94, 92, 89, 85, 78, 74, 62]","[321, 317, 314, 311, 306, 302, 299, 295, 292, 288, 285, 281, 268, 263, 259, 256, 253, 250, 245, 242, 239, 236, 232, 229, 226, 224, 220, 217, 213, 209, 202, 201, 195, 182, 179, 172, 98, 90, 89, 74, 74, 74, 74, 74, 74, 74, 74, 74, 74, 74]","[321, 317, 314, 310, 305, 302, 298, 295, 291, 288, 285, 282, 279, 273, 270, 267, 264, 251, 247, 237, 234, 231, 225, 205, 201, 198, 187, 182, 172, 168, 166, 162, 160, 154, 69, 66, 64, 60, 52, 51, 27, 27, 27, 24, 18, 17, 17, 17, 17, 17]","[321, 318, 315, 312, 309, 306, 303, 300, 297, 294, 291, 288, 285, 282, 279, 276, 273, 269, 266, 263, 260, 257, 254, 251, 248, 245, 242, 238, 235, 232, 229, 226, 223, 220, 207, 204, 201, 198, 193, 190, 187, 184, 181, 178, 175, 172, 169, 164, 161, 157]","[321, 318, 315, 312, 309, 306, 302, 299, 295, 291, 287, 283, 280, 277, 261, 258, 255, 252, 249, 246, 243, 240, 237, 223, 220, 219, 215, 145, 145, 142, 137, 135, 132, 129, 126, 120, 117, 114, 110, 109, 105, 102, 100, 96, 89, 84, 81, 80, 78, 78]","[321, 318, 315, 312, 309, 306, 302, 299, 295, 291, 287, 283, 280, 277, 261, 258, 255, 252, 249, 246, 243, 240, 237, 223, 220, 219, 215, 145, 145, 142, 137, 135, 132, 129, 126, 120, 117, 114, 110, 109, 105, 102, 100, 96, 89, 84, 81, 80, 78, 78]","[0.963963963963964, 0.954954954954955, 0.9459459459459459, 0.9369369369369369, 0.9309309309309309, 0.924924924924925, 0.918918918918919, 0.9099099099099099, 0.9039039039039038, 0.9009009009009009, 0.8918918918918919, 0.8828828828828829, 0.8738738738738738, 0.8648648648648649, 0.8528528528528528, 0.8498498498498499, 0.8408408408408409, 0.8318318318318318, 0.8228228228228228, 0.8138138138138138, 0.8048048048048048, 0.7957957957957958, 0.7867867867867868, 0.7537537537537538, 0.7447447447447447, 0.7357357357357357, 0.7267267267267268, 0.7177177177177178, 0.7087087087087087, 0.6966966966966966, 0.6936936936936937, 0.6846846846846847, 0.6756756756756757, 0.6576576576576577, 0.6516516516516516, 0.6426426426426426, 0.6396396396396397, 0.6336336336336337, 0.6246246246246246, 0.6156156156156156, 0.6066066066066066, 0.5975975975975976, 0.5915915915915916, 0.5855855855855856, 0.5825825825825826, 0.5735735735735735, 0.5615615615615616, 0.5525525525525525, 0.5465465465465466, 0.5375375375375375]"
facebook_107,"[1023, 1007, 997, 988, 978, 966, 951, 937, 926, 916, 906, 896, 884, 874, 862, 851, 840, 825, 815, 803, 792, 782, 773, 763, 752, 743, 730, 719, 709, 697, 687, 676, 666, 653, 605, 595, 574, 565, 555, 546, 539, 523, 512, 502, 492, 457, 446, 436, 426, 419]","[1024, 1014, 1003, 993, 983, 973, 963, 951, 941, 930, 920, 910, 900, 890, 879, 869, 859, 849, 838, 828, 818, 808, 798, 787, 777, 767, 754, 743, 733, 723, 706, 694, 684, 675, 665, 654, 641, 630, 617, 607, 596, 586, 576, 555, 541, 528, 515, 502, 491, 478]","[1024, 1014, 1003, 993, 983, 973, 963, 952, 942, 932, 922, 912, 902, 892, 882, 872, 862, 852, 841, 831, 818, 807, 797, 786, 774, 763, 753, 743, 733, 721, 710, 700, 683, 673, 662, 652, 639, 628, 618, 605, 593, 584, 573, 562, 552, 542, 533, 519, 507, 496]","[1024, 1014, 1004, 994, 984, 974, 964, 953, 943, 933, 923, 913, 902, 892, 882, 872, 862, 852, 842, 832, 821, 811, 801, 791, 780, 770, 760, 750, 740, 730, 720, 710, 700, 690, 680, 670, 658, 648, 638, 628, 618, 608, 598, 588, 578, 568, 558, 548, 537, 522]","[1024, 1014, 1003, 993, 983, 973, 963, 953, 943, 932, 922, 912, 902, 892, 882, 872, 862, 852, 839, 829, 818, 808, 796, 786, 768, 758, 747, 736, 726, 716, 705, 693, 681, 670, 658, 647, 636, 626, 614, 603, 592, 582, 573, 562, 550, 540, 531, 521, 511, 500]","[1024, 1014, 1004, 994, 984, 974, 964, 954, 944, 934, 924, 914, 904, 894, 884, 874, 864, 854, 844, 834, 824, 814, 804, 794, 784, 774, 764, 754, 744, 734, 724, 714, 704, 694, 684, 674, 664, 654, 644, 634, 624, 614, 604, 594, 584, 574, 564, 554, 544, 534]","[0.9854932301740812, 0.9758220502901354, 0.9642166344294004, 0.9564796905222437, 0.9468085106382979, 0.937137330754352, 0.9294003868471954, 0.9197292069632496, 0.9100580270793037, 0.9013539651837524, 0.8916827852998066, 0.8820116054158608, 0.8723404255319149, 0.8626692456479691, 0.8529980657640233, 0.8433268858800773, 0.8326885880077369, 0.8230174081237911, 0.8133462282398453, 0.8056092843326886, 0.7959381044487428, 0.7862669245647969, 0.776595744680851, 0.7669245647969052, 0.7572533849129593, 0.7475822050290135, 0.7379110251450677, 0.7282398452611218, 0.718568665377176, 0.7088974854932302, 0.6992263056092843, 0.6895551257253385, 0.6798839458413927, 0.6702127659574468, 0.660541586073501, 0.6508704061895552, 0.6392649903288201, 0.6305609284332688, 0.620889748549323, 0.6112185686653772, 0.6015473887814313, 0.59284332688588, 0.5831721470019342, 0.5735009671179884, 0.5647969052224371, 0.5551257253384912, 0.5454545454545454, 0.5357833655705996, 0.5261121856866537, 0.5164410058027079]"
facebook_1684,"[759, 752, 746, 738, 730, 710, 703, 696, 688, 681, 674, 662, 655, 632, 423, 417, 411, 407, 401, 397, 390, 383, 375, 370, 365, 359, 356, 347, 327, 321, 316, 314, 309, 303, 302, 297, 294, 292, 291, 288, 283, 277, 272, 268, 259, 255, 252, 245, 239, 235]","[767, 760, 753, 746, 739, 732, 725, 717, 710, 703, 696, 688, 681, 674, 666, 659, 652, 645, 638, 631, 624, 616, 609, 602, 595, 588, 579, 572, 563, 556, 549, 542, 535, 528, 521, 513, 506, 498, 491, 484, 476, 469, 460, 453, 437, 427, 421, 413, 407, 401]","[768, 761, 753, 746, 739, 732, 725, 718, 711, 704, 697, 690, 683, 676, 669, 662, 655, 648, 641, 634, 627, 620, 613, 605, 598, 591, 584, 577, 569, 561, 554, 546, 538, 531, 524, 517, 506, 499, 492, 484, 478, 470, 463, 456, 450, 441, 431, 423, 415, 409]","[768, 761, 754, 747, 740, 733, 726, 719, 712, 705, 698, 691, 684, 677, 670, 663, 656, 649, 642, 635, 628, 621, 614, 607, 600, 593, 586, 579, 571, 564, 557, 550, 543, 536, 529, 522, 515, 508, 501, 494, 487, 480, 473, 466, 459, 452, 445, 437, 430, 423]","[768, 761, 754, 747, 740, 732, 725, 718, 711, 704, 697, 690, 683, 676, 669, 662, 655, 648, 641, 634, 627, 620, 613, 606, 599, 591, 584, 576, 569, 562, 555, 548, 541, 534, 527, 520, 511, 504, 497, 490, 482, 477, 470, 463, 456, 448, 441, 434, 427, 420]","[768, 761, 754, 747, 740, 732, 725, 718, 711, 704, 697, 690, 683, 676, 669, 662, 655, 648, 641, 634, 626, 619, 612, 605, 598, 591, 584, 577, 569, 562, 555, 548, 541, 534, 527, 520, 513, 504, 497, 490, 483, 475, 470, 463, 456, 448, 441, 434, 427, 420]","[0.9770992366412213, 0.9681933842239185, 0.9592875318066157, 0.950381679389313, 0.9465648854961832, 0.9389312977099237, 0.9300254452926209, 0.9211195928753181, 0.905852417302799, 0.8969465648854962, 0.8765903307888041, 0.8702290076335878, 0.861323155216285, 0.8524173027989822, 0.8435114503816794, 0.8346055979643766, 0.8256997455470738, 0.8180661577608143, 0.811704834605598, 0.8040712468193384, 0.7951653944020356, 0.787531806615776, 0.7798982188295165, 0.7709923664122137, 0.7620865139949109, 0.7531806615776081, 0.7442748091603053, 0.7379134860050891, 0.7302798982188295, 0.72264631043257, 0.7150127226463104, 0.7061068702290076, 0.6997455470737913, 0.6908396946564885, 0.6806615776081425, 0.6717557251908397, 0.6641221374045801, 0.6577608142493638, 0.6513994910941476, 0.6437659033078881, 0.6348600508905853, 0.6234096692111959, 0.6145038167938931, 0.6055979643765903, 0.5966921119592875, 0.5877862595419847, 0.5788804071246819, 0.5699745547073791, 0.5610687022900763, 0.5521628498727735]"
facebook_348,"[212, 211, 209, 207, 205, 200, 192, 187, 185, 183, 181, 180, 178, 176, 174, 172, 169, 167, 166, 165, 161, 154, 152, 150, 148, 146, 144, 142, 140, 138, 136, 134, 132, 130, 128, 126, 124, 123, 121, 119, 117, 114, 112, 110, 108, 106, 103, 101, 99, 97]","[222, 220, 218, 216, 214, 212, 210, 208, 206, 204, 202, 200, 198, 196, 194, 192, 190, 188, 186, 184, 182, 180, 178, 176, 174, 172, 170, 168, 165, 163, 160, 158, 155, 153, 149, 147, 145, 143, 141, 139, 137, 135, 133, 131, 126, 124, 123, 121, 119, 117]","[222, 220, 218, 216, 214, 212, 210, 208, 206, 204, 202, 200, 198, 196, 194, 192, 190, 188, 186, 184, 182, 180, 178, 176, 174, 172, 170, 168, 165, 163, 160, 157, 155, 153, 151, 149, 147, 143, 141, 139, 137, 135, 133, 131, 129, 127, 124, 121, 120, 118]","[222, 220, 218, 216, 214, 212, 210, 208, 206, 204, 202, 200, 198, 196, 194, 192, 190, 188, 186, 184, 182, 180, 178, 176, 174, 172, 170, 168, 166, 164, 162, 160, 158, 156, 154, 152, 150, 148, 146, 144, 142, 140, 138, 136, 134, 132, 130, 128, 126, 122]","[222, 220, 218, 216, 214, 212, 210, 208, 206, 204, 202, 200, 198, 194, 192, 190, 188, 186, 184, 182, 180, 178, 176, 174, 172, 170, 168, 166, 164, 162, 160, 157, 155, 153, 151, 149, 147, 145, 143, 141, 139, 137, 135, 133, 131, 129, 127, 124, 122, 120]","[222, 220, 218, 216, 214, 212, 210, 208, 206, 204, 202, 200, 198, 196, 194, 192, 190, 188, 186, 184, 182, 180, 178, 176, 174, 172, 170, 168, 166, 164, 162, 160, 158, 156, 154, 152, 150, 148, 146, 144, 142, 140, 138, 136, 134, 132, 130, 128, 126, 124]","[0.9910714285714286, 0.9821428571428571, 0.9732142857142857, 0.9642857142857143, 0.9508928571428571, 0.9464285714285714, 0.9375, 0.9285714285714286, 0.9196428571428571, 0.9107142857142857, 0.9017857142857143, 0.8928571428571429, 0.8839285714285714, 0.875, 0.8660714285714286, 0.8571428571428571, 0.8482142857142857, 0.8392857142857143, 0.8303571428571429, 0.8214285714285714, 0.8125, 0.8035714285714286, 0.7946428571428571, 0.7767857142857143, 0.7723214285714286, 0.7633928571428571, 0.7544642857142857, 0.7455357142857143, 0.7366071428571429, 0.7142857142857143, 0.7053571428571429, 0.6964285714285714, 0.6875, 0.6830357142857143, 0.6741071428571429, 0.6651785714285714, 0.65625, 0.6473214285714286, 0.6383928571428571, 0.6339285714285714, 0.625, 0.6160714285714286, 0.6071428571428571, 0.5982142857142857, 0.5892857142857143, 0.5803571428571429, 0.5714285714285714, 0.5625, 0.5535714285714286, 0.5446428571428571]"
facebook_414,"[147, 146, 145, 120, 119, 119, 118, 117, 116, 115, 114, 113, 112, 111, 110, 109, 108, 107, 106, 105, 104, 103, 102, 101, 100, 99, 97, 96, 95, 94, 93, 92, 91, 90, 89, 86, 85, 84, 49, 48, 46, 45, 45, 44, 42, 42, 39, 38, 37, 37]","[147, 146, 145, 144, 143, 142, 141, 140, 139, 138, 137, 136, 135, 134, 133, 132, 131, 130, 129, 128, 127, 126, 125, 124, 123, 122, 121, 119, 118, 117, 116, 115, 114, 113, 112, 111, 109, 108, 106, 105, 104, 103, 102, 76, 75, 74, 73, 71, 68, 67]","[147, 146, 145, 144, 143, 142, 141, 140, 139, 138, 137, 136, 135, 134, 133, 132, 131, 130, 129, 128, 127, 126, 125, 124, 123, 122, 121, 120, 119, 118, 117, 115, 114, 113, 112, 110, 109, 108, 107, 106, 105, 104, 102, 101, 100, 99, 98, 97, 96, 94]","[147, 146, 145, 144, 143, 142, 141, 140, 139, 138, 137, 136, 135, 134, 133, 132, 131, 130, 129, 128, 127, 126, 125, 124, 123, 122, 121, 120, 119, 118, 117, 116, 115, 114, 113, 112, 111, 110, 109, 108, 107, 106, 104, 103, 101, 99, 98, 97, 96, 95]","[147, 146, 145, 144, 143, 142, 141, 140, 139, 138, 137, 136, 135, 134, 133, 132, 131, 130, 129, 128, 127, 126, 125, 124, 123, 121, 120, 119, 118, 117, 116, 115, 112, 111, 110, 107, 106, 104, 103, 101, 100, 99, 98, 97, 73, 73, 73, 73, 73, 73]","[147, 146, 145, 144, 143, 142, 141, 140, 116, 115, 114, 113, 112, 111, 110, 109, 108, 107, 106, 105, 104, 103, 102, 101, 100, 99, 98, 97, 97, 97, 96, 95, 94, 93, 92, 91, 90, 87, 86, 85, 83, 83, 82, 81, 81, 81, 81, 81, 80, 79]","[0.98, 0.9733333333333334, 0.9666666666666667, 0.96, 0.9533333333333334, 0.9466666666666667, 0.94, 0.94, 0.94, 0.9333333333333333, 0.9266666666666666, 0.92, 0.9133333333333333, 0.9066666666666666, 0.9, 0.8933333333333333, 0.8866666666666667, 0.88, 0.8733333333333333, 0.8666666666666667, 0.86, 0.8533333333333334, 0.8466666666666667, 0.84, 0.8333333333333334, 0.8266666666666667, 0.82, 0.8133333333333334, 0.8066666666666666, 0.8, 0.7933333333333333, 0.7866666666666666, 0.78, 0.7733333333333333, 0.7666666666666667, 0.76, 0.7533333333333333, 0.7466666666666667, 0.74, 0.7333333333333333, 0.7266666666666667, 0.72, 0.7133333333333334, 0.7066666666666667, 0.7, 0.6933333333333334, 0.6866666666666666, 0.68, 0.6733333333333333, 0.6666666666666666]"
facebook_686,"[167, 166, 165, 164, 163, 162, 161, 157, 156, 155, 153, 149, 148, 147, 146, 145, 144, 142, 142, 140, 139, 138, 136, 135, 134, 132, 131, 129, 127, 126, 125, 124, 123, 121, 119, 118, 117, 116, 115, 114, 113, 112, 111, 110, 107, 106, 102, 101, 100, 99]","[167, 166, 165, 164, 163, 162, 161, 160, 159, 158, 157, 156, 155, 154, 153, 152, 151, 150, 149, 148, 147, 146, 145, 144, 142, 141, 140, 139, 138, 137, 136, 135, 134, 133, 132, 131, 130, 129, 127, 126, 125, 124, 122, 121, 120, 119, 118, 117, 116, 115]","[167, 166, 165, 164, 163, 162, 161, 160, 159, 158, 157, 156, 155, 154, 153, 152, 151, 150, 149, 148, 147, 146, 145, 144, 143, 142, 140, 139, 138, 137, 136, 135, 134, 133, 132, 131, 130, 129, 128, 127, 123, 122, 121, 120, 119, 118, 117, 115, 114, 113]","[167, 166, 165, 164, 163, 162, 161, 160, 159, 158, 157, 156, 155, 154, 153, 152, 151, 150, 149, 148, 147, 146, 145, 144, 143, 142, 141, 140, 139, 138, 137, 136, 135, 134, 133, 132, 131, 130, 129, 128, 127, 126, 125, 124, 123, 122, 121, 120, 119, 118]","[167, 166, 165, 164, 163, 162, 161, 160, 159, 158, 157, 156, 155, 154, 153, 152, 151, 150, 149, 148, 147, 146, 145, 144, 143, 142, 141, 140, 139, 138, 137, 136, 135, 134, 133, 132, 131, 130, 126, 125, 124, 123, 122, 121, 120, 119, 118, 117, 116, 115]","[167, 166, 165, 164, 163, 162, 161, 160, 159, 158, 157, 156, 155, 154, 153, 152, 151, 150, 149, 148, 147, 146, 145, 144, 143, 142, 141, 140, 139, 138, 137, 136, 135, 134, 133, 132, 131, 130, 129, 128, 127, 126, 125, 124, 123, 122, 121, 120, 119, 118]","[0.9940476190476191, 0.9821428571428571, 0.9761904761904762, 0.9702380952380952, 0.9642857142857143, 0.9583333333333334, 0.9523809523809523, 0.9464285714285714, 0.9404761904761905, 0.9404761904761905, 0.9345238095238095, 0.9285714285714286, 0.9226190476190477, 0.9166666666666666, 0.9107142857142857, 0.9047619047619048, 0.8988095238095238, 0.8928571428571429, 0.8869047619047619, 0.8809523809523809, 0.875, 0.8690476190476191, 0.8630952380952381, 0.8571428571428571, 0.8511904761904762, 0.8452380952380952, 0.8392857142857143, 0.8333333333333334, 0.8273809523809523, 0.8214285714285714, 0.8154761904761905, 0.8095238095238095, 0.8035714285714286, 0.7976190476190477, 0.7916666666666666, 0.7857142857142857, 0.7797619047619048, 0.7738095238095238, 0.7678571428571429, 0.7619047619047619, 0.7559523809523809, 0.75, 0.7440476190476191, 0.7380952380952381, 0.7321428571428571, 0.7261904761904762, 0.7202380952380952, 0.7142857142857143, 0.7083333333333334, 0.7023809523809523]"
fb_pages_food,"[1, 1, 1, 1, 1, 1, 1, 1, 1, 1, 1, 1, 1, 1, 1, 1, 1, 1, 1, 1, 1, 1, 1, 1, 1, 1, 1, 1, 1, 1, 1, 1, 1, 1, 1, 1, 1, 1, 1, 1, 1, 1, 1, 1, 1, 1, 1, 1, 1, 1]","[1, 1, 1, 1, 1, 1, 1, 1, 1, 1, 1, 1, 1, 1, 1, 1, 1, 1, 1, 1, 1, 1, 1, 1, 1, 1, 1, 1, 1, 1, 1, 1, 1, 1, 1, 1, 1, 1, 1, 1, 1, 1, 1, 1, 1, 1, 1, 1, 1, 1]","[1, 1, 1, 1, 1, 1, 1, 1, 1, 1, 1, 1, 1, 1, 1, 1, 1, 1, 1, 1, 1, 1, 1, 1, 1, 1, 1, 1, 1, 1, 1, 1, 1, 1, 1, 1, 1, 1, 1, 1, 1, 1, 1, 1, 1, 1, 1, 1, 1, 1]","[454, 450, 446, 442, 438, 434, 430, 426, 422, 418, 414, 410, 406, 402, 398, 394, 390, 386, 382, 378, 374, 370, 366, 362, 358, 354, 350, 346, 342, 338, 334, 330, 326, 322, 318, 314, 310, 306, 302, 298, 294, 290, 286, 282, 278, 274, 270, 266, 262, 258]","[1, 1, 1, 1, 1, 1, 1, 1, 1, 1, 1, 1, 1, 1, 1, 1, 1, 1, 1, 1, 1, 1, 1, 1, 1, 1, 1, 1, 1, 1, 1, 1, 1, 1, 1, 1, 1, 1, 1, 1, 1, 1, 1, 1, 1, 1, 1, 1, 1, 1]","[454, 450, 446, 442, 438, 434, 430, 426, 422, 418, 414, 410, 406, 402, 398, 394, 390, 386, 382, 378, 374, 370, 366, 362, 358, 354, 350, 346, 342, 338, 334, 330, 326, 322, 318, 314, 310, 306, 302, 298, 294, 290, 286, 282, 278, 274, 270, 266, 262, 258]","[0.002183406113537118, 0.002183406113537118, 0.002183406113537118, 0.002183406113537118, 0.002183406113537118, 0.002183406113537118, 0.002183406113537118, 0.002183406113537118, 0.002183406113537118, 0.002183406113537118, 0.002183406113537118, 0.002183406113537118, 0.002183406113537118, 0.002183406113537118, 0.002183406113537118, 0.002183406113537118, 0.002183406113537118, 0.002183406113537118, 0.002183406113537118, 0.002183406113537118, 0.002183406113537118, 0.002183406113537118, 0.002183406113537118, 0.002183406113537118, 0.002183406113537118, 0.002183406113537118, 0.002183406113537118, 0.002183406113537118, 0.002183406113537118, 0.002183406113537118, 0.002183406113537118, 0.002183406113537118, 0.002183406113537118, 0.002183406113537118, 0.002183406113537118, 0.002183406113537118, 0.002183406113537118, 0.002183406113537118, 0.002183406113537118, 0.002183406113537118, 0.002183406113537118, 0.002183406113537118, 0.002183406113537118, 0.002183406113537118, 0.002183406113537118, 0.002183406113537118, 0.002183406113537118, 0.002183406113537118, 0.002183406113537118, 0.002183406113537118]"
karate,"[34, 34, 34, 34, 34, 34, 34, 34, 34, 34, 34, 34, 34, 34, 34, 34, 34, 34, 34, 34, 34, 34, 34, 34, 34, 34, 34, 34, 34, 34, 34, 34, 34, 34, 34, 34, 34, 34, 34, 34, 34, 34, 34, 34, 34, 34, 34, 34, 34, 34]","[34, 34, 34, 34, 34, 34, 34, 34, 34, 34, 34, 34, 34, 34, 34, 34, 34, 34, 34, 34, 34, 34, 34, 34, 34, 34, 34, 34, 34, 34, 34, 34, 34, 34, 34, 34, 34, 34, 34, 34, 34, 34, 34, 34, 34, 34, 34, 34, 34, 34]","[34, 34, 34, 34, 34, 34, 34, 34, 34, 34, 34, 34, 34, 34, 34, 34, 34, 34, 34, 34, 34, 34, 34, 34, 34, 34, 34, 34, 34, 34, 34, 34, 34, 34, 34, 34, 34, 34, 34, 34, 34, 34, 34, 34, 34, 34, 34, 34, 34, 34]","[34, 34, 34, 34, 34, 34, 34, 34, 34, 34, 34, 34, 34, 34, 34, 34, 34, 34, 34, 34, 34, 34, 34, 34, 34, 34, 34, 34, 34, 34, 34, 34, 34, 34, 34, 34, 34, 34, 34, 34, 34, 34, 34, 34, 34, 34, 34, 34, 34, 34]","[34, 34, 34, 34, 34, 34, 34, 34, 34, 34, 34, 34, 34, 34, 34, 34, 34, 34, 34, 34, 34, 34, 34, 34, 34, 34, 34, 34, 34, 34, 34, 34, 34, 34, 34, 34, 34, 34, 34, 34, 34, 34, 34, 34, 34, 34, 34, 34, 34, 34]","[34, 34, 34, 34, 34, 34, 34, 34, 34, 34, 34, 34, 34, 34, 34, 34, 34, 34, 34, 34, 34, 34, 34, 34, 34, 34, 34, 34, 34, 34, 34, 34, 34, 34, 34, 34, 34, 34, 34, 34, 34, 34, 34, 34, 34, 34, 34, 34, 34, 34]","[1.0, 1.0, 1.0, 1.0, 1.0, 1.0, 1.0, 1.0, 1.0, 1.0, 1.0, 1.0, 1.0, 1.0, 1.0, 1.0, 1.0, 1.0, 1.0, 1.0, 1.0, 1.0, 1.0, 1.0, 1.0, 1.0, 1.0, 1.0, 1.0, 1.0, 1.0, 1.0, 1.0, 1.0, 1.0, 1.0, 1.0, 1.0, 1.0, 1.0, 1.0, 1.0, 1.0, 1.0, 1.0, 1.0, 1.0, 1.0, 1.0, 1.0]"
polbooks,"[184, 181, 180, 179, 177, 176, 175, 173, 172, 171, 169, 167, 162, 158, 157, 156, 155, 155, 152, 151, 150, 150, 148, 142, 141, 139, 136, 134, 131, 130, 129, 127, 124, 123, 120, 112, 56, 56, 55, 55, 54, 54, 54, 54, 32, 31, 31, 31, 31, 31]","[184, 183, 182, 180, 179, 177, 176, 175, 172, 171, 170, 169, 168, 166, 165, 163, 159, 158, 157, 155, 154, 154, 153, 145, 142, 141, 138, 137, 135, 134, 133, 132, 131, 130, 128, 88, 88, 88, 88, 52, 52, 52, 50, 50, 49, 48, 48, 47, 47, 47]","[184, 181, 177, 176, 175, 172, 171, 170, 168, 164, 162, 157, 154, 152, 150, 147, 143, 139, 137, 111, 108, 101, 99, 98, 93, 91, 82, 81, 69, 54, 51, 51, 50, 38, 38, 38, 38, 38, 35, 35, 35, 34, 32, 32, 32, 32, 32, 27, 27, 13]","[184, 183, 182, 181, 180, 179, 178, 176, 175, 174, 173, 172, 171, 170, 170, 169, 168, 167, 166, 165, 164, 163, 162, 161, 160, 159, 158, 157, 156, 155, 154, 153, 151, 150, 148, 147, 146, 145, 144, 143, 142, 141, 140, 139, 138, 137, 128, 127, 124, 122]","[183, 181, 180, 179, 174, 170, 167, 165, 160, 158, 156, 155, 154, 152, 151, 150, 148, 121, 121, 120, 117, 116, 115, 114, 113, 112, 112, 110, 109, 108, 108, 107, 103, 102, 102, 102, 102, 102, 101, 101, 101, 100, 98, 98, 97, 96, 95, 95, 95, 95]","[182, 182, 182, 181, 180, 179, 177, 177, 176, 174, 172, 172, 171, 170, 169, 168, 167, 166, 165, 164, 163, 162, 161, 160, 159, 158, 156, 155, 154, 153, 152, 150, 150, 148, 147, 146, 146, 146, 145, 142, 140, 139, 138, 137, 135, 134, 133, 131, 130, 128]","[0.9736842105263158, 0.968421052631579, 0.9578947368421052, 0.9578947368421052, 0.9526315789473684, 0.9473684210526315, 0.9421052631578948, 0.9368421052631579, 0.9315789473684211, 0.9210526315789473, 0.9157894736842105, 0.9105263157894737, 0.9052631578947369, 0.9, 0.8947368421052632, 0.8894736842105263, 0.8842105263157894, 0.8789473684210526, 0.8736842105263158, 0.8736842105263158, 0.868421052631579, 0.8631578947368421, 0.8578947368421053, 0.8526315789473684, 0.8473684210526315, 0.8421052631578947, 0.8368421052631579, 0.8315789473684211, 0.8263157894736842, 0.8210526315789474, 0.8210526315789474, 0.8157894736842105, 0.8157894736842105, 0.8105263157894737, 0.8105263157894737, 0.8052631578947368, 0.8, 0.7947368421052632, 0.7894736842105263, 0.7842105263157895, 0.7842105263157895, 0.7789473684210526, 0.7736842105263158, 0.7684210526315789, 0.7631578947368421, 0.7578947368421053, 0.7526315789473684, 0.7473684210526316, 0.7315789473684211, 0.7263157894736842]"
soc_firm_hi_tech,"[33, 33, 33, 33, 33, 33, 33, 33, 33, 33, 33, 33, 33, 33, 33, 33, 33, 33, 33, 33, 33, 33, 33, 33, 33, 33, 33, 33, 33, 33, 33, 33, 33, 33, 33, 33, 33, 33, 33, 33, 33, 33, 33, 33, 33, 33, 33, 33, 33, 33]","[33, 33, 33, 33, 33, 33, 33, 33, 33, 33, 33, 33, 33, 33, 33, 33, 33, 33, 33, 33, 33, 33, 33, 33, 33, 33, 33, 33, 33, 33, 33, 33, 33, 33, 33, 33, 33, 33, 33, 33, 33, 33, 33, 33, 33, 33, 33, 33, 33, 33]","[33, 33, 33, 33, 33, 33, 33, 33, 33, 33, 33, 33, 33, 33, 33, 33, 33, 33, 33, 33, 33, 33, 33, 33, 33, 33, 33, 33, 33, 33, 33, 33, 33, 33, 33, 33, 33, 33, 33, 33, 33, 33, 33, 33, 33, 33, 33, 33, 33, 33]","[33, 33, 33, 33, 33, 33, 33, 33, 33, 33, 33, 33, 33, 33, 33, 33, 33, 33, 33, 33, 33, 33, 33, 33, 33, 33, 33, 33, 33, 33, 33, 33, 33, 33, 33, 33, 33, 33, 33, 33, 33, 33, 33, 33, 33, 33, 33, 33, 33, 33]","[33, 33, 33, 33, 33, 33, 33, 33, 33, 33, 33, 33, 33, 33, 33, 33, 33, 33, 33, 33, 33, 33, 33, 33, 33, 33, 33, 33, 33, 33, 33, 33, 33, 33, 33, 33, 33, 33, 33, 33, 33, 33, 33, 33, 33, 33, 33, 33, 33, 33]","[33, 33, 33, 33, 33, 33, 33, 33, 33, 33, 33, 33, 33, 33, 33, 33, 33, 33, 33, 33, 33, 33, 33, 33, 33, 33, 33, 33, 33, 33, 33, 33, 33, 33, 33, 33, 33, 33, 33, 33, 33, 33, 33, 33, 33, 33, 33, 33, 33, 33]","[1.0, 1.0, 1.0, 1.0, 1.0, 1.0, 1.0, 1.0, 1.0, 1.0, 1.0, 1.0, 1.0, 1.0, 1.0, 1.0, 1.0, 1.0, 1.0, 1.0, 1.0, 1.0, 1.0, 1.0, 1.0, 1.0, 1.0, 1.0, 1.0, 1.0, 1.0, 1.0, 1.0, 1.0, 1.0, 1.0, 1.0, 1.0, 1.0, 1.0, 1.0, 1.0, 1.0, 1.0, 1.0, 1.0, 1.0, 1.0, 1.0, 1.0]"
soc_tribes,"[16, 16, 16, 16, 16, 16, 16, 16, 16, 16, 16, 16, 16, 16, 16, 16, 16, 16, 16, 16, 16, 16, 16, 16, 16, 16, 16, 16, 16, 16, 16, 16, 16, 16, 16, 16, 16, 16, 16, 16, 16, 16, 16, 16, 16, 16, 16, 16, 16, 16]","[16, 16, 16, 16, 16, 16, 16, 16, 16, 16, 16, 16, 16, 16, 16, 16, 16, 16, 16, 16, 16, 16, 16, 16, 16, 16, 16, 16, 16, 16, 16, 16, 16, 16, 16, 16, 16, 16, 16, 16, 16, 16, 16, 16, 16, 16, 16, 16, 16, 16]","[16, 16, 16, 16, 16, 16, 16, 16, 16, 16, 16, 16, 16, 16, 16, 16, 16, 16, 16, 16, 16, 16, 16, 16, 16, 16, 16, 16, 16, 16, 16, 16, 16, 16, 16, 16, 16, 16, 16, 16, 16, 16, 16, 16, 16, 16, 16, 16, 16, 16]","[16, 16, 16, 16, 16, 16, 16, 16, 16, 16, 16, 16, 16, 16, 16, 16, 16, 16, 16, 16, 16, 16, 16, 16, 16, 16, 16, 16, 16, 16, 16, 16, 16, 16, 16, 16, 16, 16, 16, 16, 16, 16, 16, 16, 16, 16, 16, 16, 16, 16]","[16, 16, 16, 16, 16, 16, 16, 16, 16, 16, 16, 16, 16, 16, 16, 16, 16, 16, 16, 16, 16, 16, 16, 16, 16, 16, 16, 16, 16, 16, 16, 16, 16, 16, 16, 16, 16, 16, 16, 16, 16, 16, 16, 16, 16, 16, 16, 16, 16, 16]","[16, 16, 16, 16, 16, 16, 16, 16, 16, 16, 16, 16, 16, 16, 16, 16, 16, 16, 16, 16, 16, 16, 16, 16, 16, 16, 16, 16, 16, 16, 16, 16, 16, 16, 16, 16, 16, 16, 16, 16, 16, 16, 16, 16, 16, 16, 16, 16, 16, 16]","[1.0, 1.0, 1.0, 1.0, 1.0, 1.0, 1.0, 1.0, 1.0, 1.0, 1.0, 1.0, 1.0, 1.0, 1.0, 1.0, 1.0, 1.0, 1.0, 1.0, 1.0, 1.0, 1.0, 1.0, 1.0, 1.0, 1.0, 1.0, 1.0, 1.0, 1.0, 1.0, 1.0, 1.0, 1.0, 1.0, 1.0, 1.0, 1.0, 1.0, 1.0, 1.0, 1.0, 1.0, 1.0, 1.0, 1.0, 1.0, 1.0, 1.0]"
word_adjacencies,"[110, 106, 105, 104, 102, 100, 98, 97, 95, 94, 93, 92, 90, 88, 87, 85, 84, 82, 81, 79, 77, 75, 73, 72, 71, 70, 68, 67, 66, 65, 64, 62, 60, 57, 54, 53, 52, 50, 48, 47, 44, 41, 38, 36, 33, 31, 22, 16, 12, 12]","[110, 106, 105, 104, 103, 102, 99, 98, 97, 96, 94, 93, 92, 89, 88, 87, 86, 85, 84, 83, 82, 81, 80, 79, 78, 77, 76, 75, 74, 73, 70, 69, 68, 67, 66, 65, 64, 61, 60, 59, 57, 54, 51, 49, 46, 45, 36, 35, 34, 28]","[110, 106, 105, 104, 103, 100, 99, 98, 97, 95, 94, 92, 91, 90, 89, 86, 85, 84, 82, 81, 80, 79, 78, 77, 76, 75, 72, 68, 67, 64, 61, 58, 55, 54, 53, 52, 49, 48, 47, 45, 42, 41, 40, 38, 37, 32, 31, 30, 16, 12]","[111, 110, 109, 108, 107, 106, 105, 104, 103, 102, 101, 100, 99, 98, 97, 96, 95, 94, 93, 92, 91, 90, 89, 88, 87, 86, 85, 84, 83, 81, 80, 79, 78, 77, 76, 75, 74, 73, 72, 71, 70, 69, 68, 67, 66, 64, 63, 62, 61, 60]","[110, 109, 108, 107, 106, 104, 103, 102, 101, 100, 99, 98, 97, 96, 92, 89, 86, 84, 79, 76, 75, 74, 73, 68, 66, 65, 62, 60, 58, 56, 53, 52, 51, 49, 48, 46, 43, 42, 41, 39, 37, 35, 35, 32, 16, 15, 13, 13, 13, 13]","[111, 110, 109, 108, 107, 106, 105, 104, 103, 102, 101, 100, 99, 98, 97, 96, 95, 94, 93, 92, 91, 90, 89, 88, 87, 86, 85, 84, 83, 82, 81, 80, 79, 78, 77, 76, 75, 74, 73, 72, 71, 70, 69, 68, 67, 66, 65, 64, 63, 62]","[0.9910714285714286, 0.9821428571428571, 0.9732142857142857, 0.9642857142857143, 0.9553571428571429, 0.9464285714285714, 0.9375, 0.9285714285714286, 0.9196428571428571, 0.9107142857142857, 0.9017857142857143, 0.8928571428571429, 0.8839285714285714, 0.875, 0.8660714285714286, 0.8571428571428571, 0.8482142857142857, 0.8392857142857143, 0.8303571428571429, 0.8214285714285714, 0.8125, 0.8035714285714286, 0.7946428571428571, 0.7857142857142857, 0.7767857142857143, 0.7678571428571429, 0.7589285714285714, 0.75, 0.7410714285714286, 0.7321428571428571, 0.7232142857142857, 0.7142857142857143, 0.7053571428571429, 0.6964285714285714, 0.6875, 0.6785714285714286, 0.6696428571428571, 0.6607142857142857, 0.6517857142857143, 0.6428571428571429, 0.6339285714285714, 0.625, 0.6160714285714286, 0.6071428571428571, 0.5982142857142857, 0.5892857142857143, 0.5803571428571429, 0.5714285714285714, 0.5625, 0.5535714285714286]"
